,M_AtomicRadii,M_Electronegativity,M_Affinity,M_Ionization,M_NumValenceElectrons,M_NumRadicalElectrons,M_MolWt,M_Hybridization,M_Oxidation_state
MOF1,1.35,1.88,0.66225547,7.88,9,1,58.933,3,1.75
MOF2,1.4,1.66,0.67592827,6.77,6,0,51.996,0,0
MOF3,1.25,1.61,0.432835,5.99,3,3,26.982,5,2.666666667
MOF4,1.35,1.91,1.1571612,7.64,10,0,58.693,4,2
MOF5,1.5125,1.455,0.363275838,6.9475,5,0,82.37925,7,3.5
MOF6,1.51,1.446,0.57806344,6.832,5.2,0,84.7178,7.2,3.6
MOF7,1.35,1.65,-0.62,9.39,2,0,65.39,3,2
MOF8,1.55,1.69,-0.72,8.99,2,0,112.412,8,4
MOF9,1.4,1.66,0.67592827,6.77,6,0,51.996,0,0
MOF10,1.35,1.9,1.235784,7.73,11,1,63.546,3,2
MOF11,1.8,2.33,0.3567212,7.42,4,4,207.2,4,2
MOF12,1.8,2.33,0.3567212,7.42,4,4,207.2,4,2
MOF13,1.8,2.33,0.3567212,7.42,4,4,207.2,4,2
MOF14,1.95,1.1,0.5575462,5.58,3,1,138.906,8,4
MOF15,1.35,1.9,1.235784,7.73,11,1,63.546,3,2
MOF16,1.35,1.65,-0.62,9.39,2,0,65.39,2,2
MOF17,1.35,1.9,1.235784,7.73,11,1,63.546,4,2
MOF18,1.25,1.61,0.432835,5.99,3,3,26.982,6,3
MOF19,1.95,1.1,0.5575462,5.58,3,1,138.906,8,4
MOF20,1.35,1.9,1.235784,7.73,11,1,63.546,3,2
MOF21,2.15,0.89,0.144626,5.21,2,2,137.328,3,2
MOF22,1.25,1.61,0.432835,5.99,3,3,26.982,6,3
MOF23,1.55,1.3,0.17807,6.83,4,0,178.49,8,4
MOF24,1.55,1.33,0.433289,6.63,4,0,91.224,8,4
MOF25,1.55,1.33,0.433289,6.63,4,0,91.224,8,4
MOF26,1.6,1.93,1.304473,7.58,11,1,107.868,1.333333333,1.333333333
MOF27,1.306410256,2.033076923,0.649130538,7.044871795,4.692307692,1.307692308,115.466,0,0
MOF28,1.4,1.83,0.15323635,7.9,8,0,55.845,0,0
MOF29,1.25,1.61,0.432835,5.99,3,3,26.982,6,3
MOF30,1.4,1.66,0.67592827,6.77,6,0,51.996,6,3
MOF31,1.55,1.33,0.433289,6.63,4,0,91.224,8,4
MOF32,1.5125,1.455,0.363275838,6.9475,5,0,82.37925,7,3.5
MOF33,1.55,1.33,0.433289,6.63,4,0,91.224,8,4
MOF34,1.55,1.33,0.433289,6.63,4,0,91.224,8,4
MOF35,1.55,1.33,0.433289,6.63,4,0,91.224,8,4
MOF36,1.55,1.33,0.433289,6.63,4,0,91.224,8,4
MOF37,1.35,1.91,1.1571612,7.64,10,0,58.693,4,2
MOF38,1.35,1.91,1.1571612,7.64,10,0,58.693,4,2
MOF39,1.35,1.91,1.1571612,7.64,10,0,58.693,0,0
MOF40,1.35,1.91,1.1571612,7.64,10,0,58.693,0,0
MOF41,1.35,1.65,-0.62,9.39,2,0,65.39,3.5,2
MOF42,1.35,1.65,-0.62,9.39,2,0,65.39,4,2
MOF43,1.35,1.91,1.1571612,7.64,10,0,58.693,4,2
MOF44,1.55,1.33,0.433289,6.63,4,0,91.224,8,4
MOF45,1.55,1.33,0.433289,6.63,4,0,91.224,0,0
MOF46,1.55,1.33,0.433289,6.63,4,0,91.224,8,4
MOF47,1.55,1.33,0.433289,6.63,4,0,91.224,8,4
MOF48,1.35,1.65,-0.62,9.39,2,0,65.39,4,2
MOF49,1.35,1.65,-0.62,9.39,2,0,65.39,2,2
MOF50,1.35,1.65,-0.62,9.39,2,0,65.39,4,2
MOF51,1.35,1.65,-0.62,9.39,2,0,65.39,3,2
MOF52,1.25,1.61,0.432835,5.99,3,3,26.982,3,2
MOF53,1.25,1.61,0.432835,5.99,3,3,26.982,3,2
MOF54,1.7,1.323333333,-0.078215,7.103333333,2.666666667,0.666666667,97.08533333,8,4
MOF55,1.35,1.88,0.66225547,7.88,9,1,58.933,4,2
MOF56,1.51,1.444,0.593788,6.85,5.4,0.2,85.6884,7.2,3.6
MOF57,1.6,1.55,0.675957,6.7,9,1,107.755,5,3
MOF58,1.65,1.5,0.8966651,6.655,7,1,101.226,5,3
MOF59,1.25,1.61,0.432835,5.99,3,3,26.982,6,3
MOF60,1.35,1.91,1.1571612,7.64,10,0,58.693,4,2
MOF61,1.5625,1.615,0.622056385,6.995,7,1,53.97425,1.5,1.25
MOF62,1.35,1.65,-0.62,9.39,2,0,65.39,3,2
MOF63,1.35,1.65,-0.62,9.39,2,0,65.39,3,2
MOF64,1.35,1.65,-0.62,9.39,2,0,65.39,4,2
MOF65,1.35,1.65,-0.62,9.39,2,0,65.39,4,2
MOF66,1.35,1.88,0.66225547,7.88,9,1,58.933,1,1
MOF67,1.35,1.88,0.66225547,7.88,9,1,58.933,1,1
MOF68,1.55,1.3,0.17807,6.83,4,0,178.49,8,4
MOF69,1.55,1.3,0.17807,6.83,4,0,178.49,8,4
MOF70,1.55,1.33,0.433289,6.63,4,0,91.224,8,4
MOF71,1.55,1.3,0.17807,6.83,4,0,178.49,8,4
MOF72,1.55,1.33,0.433289,6.63,4,0,91.224,8,4
MOF73,1.35,1.9,1.235784,7.73,11,1,63.546,3,2
MOF74,1.4,2.035,0.9521996,7.365,8,0,77.3165,3.5,2
MOF75,1.35,1.65,-0.62,9.39,2,0,65.39,2.4,2
MOF76,1.55,1.69,-0.72,8.99,2,0,112.412,8,4
MOF77,1.35,1.65,-0.62,9.39,2,0,65.39,4,2
MOF78,1.55,1.69,-0.72,8.99,2,0,112.412,8,4
MOF79,1.55,1.69,-0.72,8.99,2,0,112.412,8,4
MOF80,1.55,1.69,-0.72,8.99,2,0,112.412,8,4
MOF81,1.55,1.69,-0.72,8.99,2,0,112.412,8,4
MOF82,1.35,1.65,-0.62,9.39,2,0,65.39,4,2
MOF83,1.35,1.91,1.1571612,7.64,10,0,58.693,4,2
MOF84,1.35,1.91,1.1571612,7.64,10,0,58.693,4,2
MOF85,1.35,1.88,0.66225547,7.88,9,1,58.933,1,1
MOF86,1.35,1.91,1.1571612,7.64,10,0,58.693,4,2
MOF87,1.35,1.65,-0.62,9.39,2,0,65.39,2.4,2
MOF88,1.55,1.33,0.433289,6.63,4,0,91.224,8,4
MOF89,1.55,1.33,0.433289,6.63,4,0,91.224,8,4
MOF90,1.55,1.33,0.433289,6.63,4,0,91.224,8,4
MOF91,1.55,1.33,0.433289,6.63,4,0,91.224,8,4
MOF92,1.35,1.9,1.235784,7.73,11,1,63.546,3,2
MOF93,1.75,1.22,0.131318,5.86,9,1,158.925,8,4
MOF94,1.55,1.33,0.433289,6.63,4,0,91.224,8,4
MOF95,1.55,1.33,0.433289,6.63,4,0,91.224,8,4
MOF96,1.55,1.33,0.433289,6.63,4,0,91.224,8,4
MOF97,1.55,1.33,0.433289,6.63,4,0,91.224,8,4
MOF98,1.35,1.9,1.235784,7.73,11,1,63.546,3.666666667,2
MOF99,1.35,1.65,-0.62,9.39,2,0,65.39,4,2
MOF100,1.35,1.65,-0.62,9.39,2,0,65.39,4,2
MOF101,1.85,1.22,0.3112922,6.22,3,1,88.906,0,0
MOF102,1.35,1.65,-0.62,9.39,2,0,65.39,3,2
MOF103,1.25,1.61,0.432835,5.99,3,3,26.982,6,3
MOF104,1.35,1.88,0.66225547,7.88,9,1,58.933,1,1
MOF105,1.35,1.9,1.235784,7.73,11,1,63.546,4,2
MOF106,1.5,1.31,-0.42,7.65,2,2,24.305,6,3
MOF107,1.35,1.63,0.527662,6.75,5,1,50.942,6,3
MOF108,1.25,1.61,0.432835,5.99,3,3,26.982,6,3
MOF109,1.35,1.9,1.235784,7.73,11,1,63.546,4,2
MOF110,1.55,1.33,0.433289,6.63,4,0,91.224,0,0
MOF111,1.55,1.33,0.433289,6.63,4,0,91.224,8,4
MOF112,1.35,1.91,1.1571612,7.64,10,0,58.693,4,2
MOF113,1.35,1.91,1.1571612,7.64,10,0,58.693,4,2
MOF114,1.35,1.65,-0.62,9.39,2,0,65.39,4,2
MOF115,1.35,1.65,-0.62,9.39,2,0,65.39,2,2
MOF116,1.35,1.65,-0.62,9.39,2,0,65.39,3.4,2
MOF117,1.35,1.65,-0.62,9.39,2,0,65.39,2,2
MOF118,1.35,1.65,-0.62,9.39,2,0,65.39,4,2
MOF119,1.35,1.65,-0.62,9.39,2,0,65.39,4,2
MOF120,1.35,1.65,-0.62,9.39,2,0,65.39,3,2
MOF121,1.35,1.9,1.235784,7.73,11,1,63.546,4,2
MOF122,1.35,1.9,1.235784,7.73,11,1,63.546,3,2
MOF123,1.35,1.9,1.235784,7.73,11,1,63.546,3,2
MOF124,1.25,1.61,0.432835,5.99,3,3,26.982,3,2
MOF125,1.4,1.54,0.075545,6.83,4,0,47.867,4,2
MOF126,1.35,1.9,1.235784,7.73,11,1,63.546,4,2
MOF127,1.35,1.9,1.235784,7.73,11,1,63.546,3.5,2
MOF128,1.35,1.65,-0.62,9.39,2,0,65.39,1,1
MOF129,1.55,1.33,0.433289,6.63,4,0,91.224,0,0
MOF130,1.55,1.33,0.433289,6.63,4,0,91.224,0,0
MOF131,1.35,1.65,-0.62,9.39,2,0,65.39,3,2
MOF132,1.35,1.65,-0.62,9.39,2,0,65.39,2.9,2
MOF133,1.35,1.65,-0.62,9.39,2,0,65.39,2.588235294,1.882352941
MOF134,1.35,1.65,-0.62,9.39,2,0,65.39,4,2
MOF135,1.35,1.65,-0.62,9.39,2,0,65.39,3,2
MOF136,1.35,1.65,-0.62,9.39,2,0,65.39,2,2
MOF137,1.35,1.65,-0.62,9.39,2,0,65.39,2,2
MOF138,1.35,1.65,-0.62,9.39,2,0,65.39,2,2
MOF139,1.35,1.65,-0.62,9.39,2,0,65.39,4,2
MOF140,1.35,1.65,-0.62,9.39,2,0,65.39,2,2
MOF141,1.35,1.65,-0.62,9.39,2,0,65.39,2,2
MOF142,1.35,1.88,0.66225547,7.88,9,1,58.933,2.666666667,1.666666667
MOF143,1.35,1.88,0.66225547,7.88,9,1,58.933,1.5,1.25
MOF144,1.35,1.63,0.527662,6.75,5,1,50.942,6,3
MOF145,1.35,1.9,1.235784,7.73,11,1,63.546,4,2
MOF146,1.35,1.88,0.66225547,7.88,9,1,58.933,4,2
MOF147,1.55,1.69,-0.72,8.99,2,0,112.412,8,4
MOF148,1.95,1.1,0.5575462,5.58,3,1,138.906,8,4
MOF149,1.4,1.55,-0.52,7.43,7,1,54.938,8,4
MOF150,1.95,1.1,0.5575462,5.58,3,1,138.906,0,0
MOF151,1.8,0.93,0.54792625,5.14,1,1,22.99,1,1
MOF152,1.55,1.33,0.433289,6.63,4,0,91.224,0,0
MOF153,1.55,1.33,0.433289,6.63,4,0,91.224,0,0
MOF154,1.35,1.9,1.235784,7.73,11,1,63.546,3,2
MOF155,1.85,1.12,0.60016027,5.54,4,0,140.116,8,4
MOF156,1.35,1.65,-0.62,9.39,2,0,65.39,2,2
MOF157,1.75,1.22,0.131318,5.86,9,1,158.925,8,4
MOF158,1.85,1.22,0.3112922,6.22,3,1,88.906,8,4
MOF159,1.55,1.33,0.433289,6.63,4,0,91.224,8,4
MOF160,1.35,1.65,-0.62,9.39,2,0,65.39,3,2
MOF161,1.35,1.9,1.235784,7.73,11,1,63.546,4,2
MOF162,1.35,1.65,-0.62,9.39,2,0,65.39,2.333333333,1.666666667
MOF163,1.35,1.65,-0.62,9.39,2,0,65.39,3.5,2
MOF164,1.8,1.2,0.2123,6.15,8,0,157.25,8,4
MOF165,1.35,2.176,0.9840744,7.808,8,0.4,135.7224,6.1,3.2
MOF166,1.35,1.65,-0.62,9.39,2,0,65.39,3,2
MOF167,1.35,1.88,0.66225547,7.88,9,1,58.933,3,2
MOF168,1.55,1.69,-0.72,8.99,2,0,112.412,8,4
MOF169,1.4,1.55,-0.52,7.43,7,1,54.938,6,3
MOF170,1.4,1.83,0.15323635,7.9,8,0,55.845,5,2.5
MOF171,1.35,2.2475,0.9014913,7.805,7,0,152.55325,7,3.5
MOF172,1.35,1.65,-0.62,9.39,2,0,65.39,3,2
MOF173,1.35,1.9,1.235784,7.73,11,1,63.546,3,2
MOF174,1.35,1.9,1.235784,7.73,11,1,63.546,4,2
MOF175,1.35,1.91,1.1571612,7.64,10,0,58.693,4,2
MOF176,1.35,1.63,0.527662,6.75,5,1,50.942,3,2
MOF177,1.35,1.65,-0.62,9.39,2,0,65.39,4,2
MOF178,1.25,1.61,0.432835,5.99,3,3,26.982,6,3
MOF179,1.475,1.905,0.983364235,7.73,10,1,83.4005,4.5,2.5
MOF180,1.65,1.49,0.609900835,6.73,6,1,98.9195,7,3.5
MOF181,1.55,1.56,0.487127735,6.995,10.5,0.5,113.0965,7,3.5
MOF182,1.37,1.878,0.75559126,7.744,9.2,0,57.5538,4.8,2.4
MOF183,1.35,2.053333333,1.095945333,7.773333333,9.333333333,0.666666667,103.644,5.333333333,2.666666667
MOF184,1.35,1.9,1.235784,7.73,11,1,63.546,3.5,2
MOF185,1.35,1.65,-0.62,9.39,2,0,65.39,2,2
MOF186,1.35,1.65,-0.62,9.39,2,0,65.39,4,2
MOF187,1.35,1.65,-0.62,9.39,2,0,65.39,4,2
MOF188,1.35,1.9,1.235784,7.73,11,1,63.546,2,2
MOF189,1.55,1.69,-0.72,8.99,2,0,112.412,8,4
MOF190,1.35,1.88,0.66225547,7.88,9,1,58.933,6,3
MOF191,1.35,1.9,1.235784,7.73,11,1,63.546,4,2
MOF192,1.35,1.91,1.1571612,7.64,10,0,58.693,4,2
MOF193,1.35,1.65,-0.62,9.39,2,0,65.39,4,2
MOF194,1.35,1.88,0.66225547,7.88,9,1,58.933,6,3
MOF195,1.35,1.65,-0.62,9.39,2,0,65.39,3,2
MOF196,1.55,1.69,-0.72,8.99,2,0,112.412,8,4
MOF197,1.35,1.9,1.235784,7.73,11,1,63.546,4,2
MOF198,1.35,1.9,1.235784,7.73,11,1,63.546,3,2
MOF199,1.35,1.9,1.235784,7.73,11,1,63.546,3,2
MOF200,1.35,1.88,0.66225547,7.88,9,1,58.933,1,1
MOF201,1.35,1.65,-0.62,9.39,2,0,65.39,3.333333333,2
MOF202,1.75,1.366666667,0.783625467,6.296666667,5.666666667,1,113.786,6.333333333,3.333333333
MOF203,1.35,1.88,0.66225547,7.88,9,1,58.933,4.333333333,2.333333333
MOF204,1.35,1.88,0.66225547,7.88,9,1,58.933,1.5,1.2
MOF205,1.35,1.65,-0.62,9.39,2,0,65.39,2.8,2
MOF206,1.975,1.03,0.419729565,5.18,6,1,102.014,4.5,2.5
MOF207,1.35,1.9,1.235784,7.73,11,1,63.546,4,2
MOF208,1.35,1.65,-0.62,9.39,2,0,65.39,3,2
MOF209,1.8,1.3,0.607696,6.31,4,0,232.038,6,4
MOF210,1.35,1.65,-0.62,9.39,2,0,65.39,3,2
MOF211,1.25,1.61,0.432835,5.99,3,3,26.982,3,2
MOF212,1.35,1.65,-0.62,9.39,2,0,65.39,3,2
MOF213,1.35,1.91,1.1571612,7.64,10,0,58.693,4,2
MOF214,1.5,1.31,-0.42,7.65,2,2,24.305,6,3
MOF215,1.35,1.63,0.527662,6.75,5,1,50.942,6,3
MOF216,1.5,1.31,-0.42,7.65,2,2,24.305,6,3
MOF217,1.35,1.88,0.66225547,7.88,9,1,58.933,1,1
MOF218,1.35,1.9,1.235784,7.73,11,1,63.546,4,2
MOF219,1.35,1.9,1.235784,7.73,11,1,63.546,3,2
MOF220,1.35,1.91,1.1571612,7.64,10,0,58.693,4,2
MOF221,1.35,1.65,-0.62,9.39,2,0,65.39,4,2
MOF222,1.575,1.45,0.506964135,6.395,8.5,0.5,108.463,7,3.5
MOF223,1.35,1.9,1.235784,7.73,11,1,63.546,4,2
MOF224,1.4,1.66,0.67592827,6.77,6,0,51.996,6,3
MOF225,1.55,1.33,0.433289,6.63,4,0,91.224,8,4
MOF226,1.55,1.33,0.433289,6.63,4,0,91.224,8,4
MOF227,1.55,1.33,0.433289,6.63,4,0,91.224,8,4
MOF228,1.55,1.33,0.433289,6.63,4,0,91.224,8,4
MOF229,1.55,1.33,0.433289,6.63,4,0,91.224,8,4
MOF230,1.55,1.33,0.433289,6.63,4,0,91.224,8,4
MOF231,1.55,1.33,0.433289,6.63,4,0,91.224,8,4
MOF232,1.55,1.33,0.433289,6.63,4,0,91.224,8,4
MOF233,1.25,1.61,0.432835,5.99,3,3,26.982,6,3
MOF234,1.55,1.33,0.433289,6.63,4,0,91.224,8,4
MOF235,1.25,1.61,0.432835,5.99,3,3,26.982,6,3
MOF236,1.85,1.22,0.3112922,6.22,3,1,88.906,8,4
MOF237,1.55,1.33,0.433289,6.63,4,0,91.224,8,4
MOF238,1.55,1.33,0.433289,6.63,4,0,91.224,8,4
MOF239,1.25,1.61,0.432835,5.99,3,3,26.982,6,3
MOF240,1.35,1.9,1.235784,7.73,11,1,63.546,3,2
MOF241,1.35,1.65,-0.62,9.39,2,0,65.39,3,2
MOF242,1.25,1.61,0.432835,5.99,3,3,26.982,6,3
MOF243,1.25,1.61,0.432835,5.99,3,3,26.982,6,3
MOF244,1.55,1.33,0.433289,6.63,4,0,91.224,8,4
MOF245,1.533333333,1.433333333,-0.2759,7.003333333,7.333333333,0.666666667,89.042,4.666666667,2.666666667
MOF246,1.55,1.33,0.433289,6.63,4,0,91.224,8,4
MOF247,1.375,1.87,0.655198775,7.77,9,0,57.269,5,2.5
MOF248,1.55,1.69,-0.72,8.99,2,0,112.412,6.333333333,3.333333333
MOF249,1.35,1.65,-0.62,9.39,2,0,65.39,4,2
MOF250,1.55,1.33,0.433289,6.63,4,0,91.224,8,4
MOF251,1.55,1.33,0.433289,6.63,4,0,91.224,8,4
MOF252,1.35,1.88,0.66225547,7.88,9,1,58.933,6,3
MOF253,1.35,1.65,-0.62,9.39,2,0,65.39,3,2
MOF254,1.35,1.65,-0.62,9.39,2,0,65.39,3,2
MOF255,1.35,1.9,1.235784,7.73,11,1,63.546,3.25,2
MOF256,1.35,1.91,1.1571612,7.64,10,0,58.693,4,2
MOF257,1.35,1.88,0.66225547,7.88,9,1,58.933,6,3
MOF258,1.55,1.69,-0.72,8.99,2,0,112.412,8,4
MOF259,1.35,1.9,1.235784,7.73,11,1,63.546,3.333333333,2
MOF260,1.35,1.65,-0.62,9.39,2,0,65.39,4,2
MOF261,1.35,1.65,-0.62,9.39,2,0,65.39,0,0
MOF262,1.35,1.88,0.66225547,7.88,9,1,58.933,3,2
MOF263,1.35,1.9,1.235784,7.73,11,1,63.546,4,2
MOF264,1.35,1.65,-0.62,9.39,2,0,65.39,3,2
MOF265,1.35,1.65,-0.62,9.39,2,0,65.39,3,2
MOF266,1.35,1.65,-0.62,9.39,2,0,65.39,2,2
MOF267,1.95,1.1,0.5575462,5.58,3,1,138.906,8,4
MOF268,1.35,1.65,-0.62,9.39,2,0,65.39,3,2
MOF269,1.35,1.65,-0.62,9.39,2,0,65.39,3,2
MOF270,1.75,1.24,0.312,6.11,12,0,167.26,8,4
MOF271,1.35,1.65,-0.62,9.39,2,0,65.39,3,2
MOF272,1.35,1.65,-0.62,9.39,2,0,65.39,4,2
MOF273,1.35,1.65,-0.62,9.39,2,0,65.39,3,2
MOF274,1.35,1.88,0.66225547,7.88,9,1,58.933,6,3
MOF275,1.35,1.9,1.235784,7.73,11,1,63.546,3,2
MOF276,1.35,1.88,0.66225547,7.88,9,1,58.933,6,3
MOF277,1.35,1.88,0.66225547,7.88,9,1,58.933,6,3
MOF278,1.35,1.88,0.66225547,7.88,9,1,58.933,6,3
MOF279,1.35,1.88,0.66225547,7.88,9,1,58.933,6,3
MOF280,1.35,1.65,-0.62,9.39,2,0,65.39,3,2
MOF281,1.35,1.91,1.1571612,7.64,10,0,58.693,4,2
MOF282,1.35,1.65,-0.62,9.39,2,0,65.39,4,2
MOF283,1.55,1.33,0.433289,6.63,4,0,91.224,8,4
MOF284,1.55,1.78,0.383926,5.79,3,3,114.818,6,3
MOF285,1.55,1.78,0.383926,5.79,3,3,114.818,6,3
MOF286,1.4,1.66,0.67592827,6.77,6,0,51.996,4.666666667,2.333333333
MOF287,1.35,1.65,-0.62,9.39,2,0,65.39,2.8,2
MOF288,1.35,1.65,-0.62,9.39,2,0,65.39,2.8,2
MOF289,1.35,1.9,1.235784,7.73,11,1,63.546,4,2
MOF290,1.35,1.9,1.235784,7.73,11,1,63.546,4,2
MOF291,1.35,1.9,1.235784,7.73,11,1,63.546,4,2
MOF292,1.35,1.91,1.1571612,7.64,10,0,58.693,4,2
MOF293,1.35,1.91,1.1571612,7.64,10,0,58.693,4,2
MOF294,1.25,1.61,0.432835,5.99,3,3,26.982,6,3
MOF295,1.4,1.66,0.67592827,6.77,6,0,51.996,4,2
MOF296,1.35,1.88,0.66225547,7.88,9,1,58.933,1,1
MOF297,1.35,1.65,-0.62,9.39,2,0,65.39,2,2
MOF298,1.35,1.65,-0.62,9.39,2,0,65.39,2,2
MOF299,1.4,1.55,-0.52,7.43,7,1,54.938,8,4
MOF300,1.35,1.88,0.66225547,7.88,9,1,58.933,1,1
MOF301,1.35,1.88,0.66225547,7.88,9,1,58.933,1,1
MOF302,1.5,1.31,-0.42,7.65,2,2,24.305,6,3
MOF303,1.55,1.33,0.433289,6.63,4,0,91.224,8,4
MOF304,1.35,1.65,-0.62,9.39,2,0,65.39,3,2
MOF305,1.4,1.54,0.075545,6.83,4,0,47.867,4,2
MOF306,1.25,1.61,0.432835,5.99,3,3,26.982,6,3
MOF307,1.35,1.91,1.1571612,7.64,10,0,58.693,4,2
MOF308,1.4,1.54,0.075545,6.83,4,0,47.867,4,2
MOF309,1.35,1.88,0.66225547,7.88,9,1,58.933,6,3
MOF310,1.35,1.88,0.66225547,7.88,9,1,58.933,6,3
MOF311,1.4,1.54,0.075545,6.83,4,0,47.867,4,2
MOF312,1.35,1.65,-0.62,9.39,2,0,65.39,3,2
MOF313,1.35,1.65,-0.62,9.39,2,0,65.39,2,2
MOF314,1.4,1.83,0.15323635,7.9,8,0,55.845,4,2
MOF315,1.55,1.33,0.433289,6.63,4,0,91.224,8,4
MOF316,1.75,1.38,0.314979,6.19,4,0,238.029,8,4
MOF317,1.35,1.65,-0.62,9.39,2,0,65.39,3,2
MOF318,1.35,1.65,-0.62,9.39,2,0,65.39,3,2
MOF319,1.35,1.88,0.66225547,7.88,9,1,58.933,3,2
MOF320,1.35,1.91,1.1571612,7.64,10,0,58.693,0,0
MOF321,1.35,1.91,1.1571612,7.64,10,0,58.693,4,2
MOF322,1.35,1.9,1.235784,7.73,11,1,63.546,4,2
MOF323,1.85,1.13,0.1092346,5.47,3,1,140.908,8,4
MOF324,1.35,1.65,-0.62,9.39,2,0,65.39,4,2
MOF325,1.75,1.22,0.131318,5.86,9,1,158.925,8,4
MOF326,1.55,1.69,-0.72,8.99,2,0,112.412,3,2
MOF327,1.35,2.015,1.130905,7.7625,9.75,0.75,93.6195,4.75,2.5
MOF328,1.35,1.65,-0.62,9.39,2,0,65.39,3,2
MOF329,1.35,1.65,-0.62,9.39,2,0,65.39,3,2
MOF330,1.55,1.69,-0.72,8.99,2,0,112.412,6.666666667,3.333333333
MOF331,1.8,2.33,0.3567212,7.42,4,4,207.2,4,2
MOF332,1.75,1.22,0.131318,5.86,9,1,158.925,8,4
MOF333,1.616666667,1.363333333,-0.119121333,7.036666667,6.666666667,0.666666667,127.7466667,5.666666667,3
MOF334,1.35,1.65,-0.62,9.39,2,0,65.39,4,2
MOF335,1.35,1.65,-0.62,9.39,2,0,65.39,0,0
MOF336,1.5,1.31,-0.42,7.65,2,2,24.305,6,3
MOF337,1.8,1.2,0.2123,6.15,8,0,157.25,8,4
MOF338,1.35,1.9,1.235784,7.73,11,1,63.546,3,2
MOF339,1.416666667,1.86,0.951831333,7.083333333,8.333333333,1.666666667,80.63666667,4.666666667,2.666666667
MOF340,1.35,1.65,-0.62,9.39,2,0,65.39,3,2
MOF341,1.35,1.65,-0.62,9.39,2,0,65.39,0,0
MOF342,1.85,1.2,0.11613,5.67,7,1,151.964,8,4
MOF343,1.8,1.2,0.2123,6.15,8,0,157.25,8,4
MOF344,1.55,1.33,0.433289,6.63,4,0,91.224,8,4
MOF345,1.35,1.65,-0.62,9.39,2,0,65.39,3,2
MOF346,1.6,1.93,1.304473,7.58,11,1,107.868,3,2
MOF347,1.6,1.93,1.304473,7.58,11,1,107.868,4,2
MOF348,1.6,1.93,1.304473,7.58,11,1,107.868,3,2
MOF349,1.6,1.93,1.304473,7.58,11,1,107.868,3,2
MOF350,1.55,1.69,-0.72,8.99,2,0,112.412,8,4
MOF351,1.75,1.23,0.0153,5.94,10,0,162.5,8,4
MOF352,1.85,1.17,0.162,5.64,6,0,150.36,8,4
MOF353,1.35,1.65,-0.62,9.39,2,0,65.39,4,2
MOF354,1.35,1.9,1.235784,7.73,11,1,63.546,3,2
MOF355,1.35,1.9,1.235784,7.73,11,1,63.546,0,0
MOF356,1.85,1.2,0.11613,5.67,7,1,151.964,8,4
MOF357,1.35,1.65,-0.62,9.39,2,0,65.39,3,2
MOF358,1.6,2.02,0.94236213,7.29,5,3,208.98,3,3
MOF359,1.75,1.23,0.0153,5.94,10,0,162.5,8,4
MOF360,1.55,1.69,-0.72,8.99,2,0,112.412,8,4
MOF361,1.55,1.69,-0.72,8.99,2,0,112.412,8,4
MOF362,1.85,1.2,0.11613,5.67,7,1,151.964,8,4
MOF363,1.95,1.1,0.5575462,5.58,3,1,138.906,8,4
MOF364,1.35,1.65,-0.62,9.39,2,0,65.39,2.454545455,1.818181818
MOF365,1.35,1.9,1.235784,7.73,11,1,63.546,3,2
MOF366,1.35,1.91,1.1571612,7.64,10,0,58.693,4,2
MOF367,1.492857143,1.691428571,0.928988571,7.132857143,9.571428571,0.714285714,88.35,0,0
MOF368,1.478571429,1.7,0.94336,7.278571429,10.14285714,0.714285714,90.31857143,0,0
MOF369,1.55,1.33,0.433289,6.63,4,0,91.224,0,0
MOF370,1.35,1.65,-0.62,9.39,2,0,65.39,2,2
MOF371,1.4,1.55,-0.52,7.43,7,1,54.938,6,3
MOF372,1.35,1.91,1.1571612,7.64,10,0,58.693,0,0
MOF373,1.85,1.2,0.11613,5.67,7,1,151.964,8,4
MOF374,1.35,1.9,1.235784,7.73,11,1,63.546,3,2
MOF375,1.5,1.31,-0.42,7.65,2,2,24.305,3,2
MOF376,1.35,1.65,-0.62,9.39,2,0,65.39,2.6,2
MOF377,1.8,1,0.024551,6.11,2,2,40.078,3,2
MOF378,1.35,1.9,1.235784,7.73,11,1,63.546,4,2
MOF379,1.35,1.65,-0.62,9.39,2,0,65.39,3,2
MOF380,1.6,1.93,1.304473,7.58,11,1,107.868,1,1
MOF381,1.6,1.93,1.304473,7.58,11,1,107.868,1.666666667,1.666666667
MOF382,1.85,1.2,0.11613,5.67,7,1,151.964,0,0
MOF383,1.75,1.22,0.131318,5.86,9,1,158.925,8,4
MOF384,1.55,1.69,-0.72,8.99,2,0,112.412,8,4
MOF385,1.55,1.33,0.433289,6.63,4,0,91.224,8,4
MOF386,1.85,1.2,0.11613,5.67,7,1,151.964,8,4
MOF387,1.85,1.2,0.11613,5.67,7,1,151.964,8,4
MOF388,1.55,1.69,-0.72,8.99,2,0,112.412,3,2
MOF389,1.35,1.88,0.66225547,7.88,9,1,58.933,4,2
MOF390,1.55,1.69,-0.72,8.99,2,0,112.412,8,4
MOF391,1.35,1.9,1.235784,7.73,11,1,63.546,3,2
MOF392,1.85,1.2,0.11613,5.67,7,1,151.964,8,4
MOF393,1.75,1.22,0.131318,5.86,9,1,158.925,8,4
MOF394,1.778571429,1.264285714,0.010968571,6.201428571,6.285714286,0.857142857,139.5962857,7.142857143,3.714285714
MOF395,1.35,1.9,1.235784,7.73,11,1,63.546,0,0
MOF396,1.95,1.1,0.5575462,5.58,3,1,138.906,8,4
MOF397,1.85,1.2,0.11613,5.67,7,1,151.964,8,4
MOF398,1.75,1.22,0.131318,5.86,9,1,158.925,8,4
MOF399,1.85,1.2,0.11613,5.67,7,1,151.964,8,4
MOF400,1.75,1.22,0.131318,5.86,9,1,158.925,8,4
MOF401,1.35,1.9,1.235784,7.73,11,1,63.546,3,2
MOF402,1.85,1.2,0.11613,5.67,7,1,151.964,8,4
MOF403,1.6,1.55,0.675957,6.7,9,1,107.755,6,3
MOF404,1.75,1.22,0.131318,5.86,9,1,158.925,8,4
MOF405,1.35,1.65,-0.62,9.39,2,0,65.39,3,2
MOF406,1.95,1.1,0.5575462,5.58,3,1,138.906,8,4
MOF407,1.95,1.1,0.5575462,5.58,3,1,138.906,8,4
MOF408,1.35,1.9,1.235784,7.73,11,1,63.546,4,2
MOF409,1.35,1.9,1.235784,7.73,11,1,63.546,2,2
MOF410,1.35,1.9,1.235784,7.73,11,1,63.546,4,2
MOF411,1.85,1.2,0.11613,5.67,7,1,151.964,8,4
MOF412,2.15,0.89,0.144626,5.21,2,2,137.328,3,2
MOF413,1.55,1.78,0.383926,5.79,3,3,114.818,8,4
MOF414,1.75,1.22,0.131318,5.86,9,1,158.925,8,4
MOF415,1.35,1.65,-0.62,9.39,2,0,65.39,1,1
MOF416,1.55,1.69,-0.72,8.99,2,0,112.412,8,4
MOF417,1.55,1.69,-0.72,8.99,2,0,112.412,8,4
MOF418,1.6,1.93,1.304473,7.58,11,1,107.868,1,1
MOF419,1.35,1.88,0.66225547,7.88,9,1,58.933,6,3
MOF420,1.783333333,1.306666667,0.64984771,6.073333333,6.666666667,0.666666667,86.63133333,4,2.333333333
MOF421,1.35,1.65,-0.62,9.39,2,0,65.39,2.75,2
MOF422,1.55,1.69,-0.72,8.99,2,0,112.412,8,4
MOF423,1.35,1.65,-0.62,9.39,2,0,65.39,1.75,1.5
MOF424,1.35,1.65,-0.62,9.39,2,0,65.39,1,1
MOF425,1.35,1.65,-0.62,9.39,2,0,65.39,1,1
MOF426,1.75,1.22,0.131318,5.86,9,1,158.925,0,0
MOF427,1.35,1.65,-0.62,9.39,2,0,65.39,2.5,2
MOF428,1.35,1.65,-0.62,9.39,2,0,65.39,2.5,2
MOF429,1.35,1.65,-0.62,9.39,2,0,65.39,3,2
MOF430,1.85,1.2,0.11613,5.67,7,1,151.964,8,4
MOF431,1.85,1.2,0.11613,5.67,7,1,151.964,8,4
MOF432,1.55,1.69,-0.72,8.99,2,0,112.412,6.333333333,3.333333333
MOF433,1.55,1.69,-0.72,8.99,2,0,112.412,6.333333333,3.333333333
MOF434,1.55,1.69,-0.72,8.99,2,0,112.412,5.5,3
MOF435,1.5125,1.655,-0.67,8.6,3.25,0.25,98.0435,6.25,3.25
MOF436,1.85,1.2,0.11613,5.67,7,1,151.964,8,4
MOF437,1.35,1.9,1.235784,7.73,11,1,63.546,3,2
MOF438,1.8,0.93,0.54792625,5.14,1,1,22.99,1,1
MOF439,1.35,1.9,1.235784,7.73,11,1,63.546,1,1
MOF440,1.35,1.9,1.235784,7.73,11,1,63.546,2.333333333,1.666666667
MOF441,1.35,1.9,1.235784,7.73,11,1,63.546,3.666666667,2
MOF442,1.35,1.9,1.235784,7.73,11,1,63.546,1,1
MOF443,1.85,1.2,0.11613,5.67,7,1,151.964,8,4
MOF444,1.414285714,1.771428571,1.062750714,7.498571429,9.714285714,1.142857143,60.19342857,3.857142857,2
MOF445,1.55,1.69,-0.72,8.99,2,0,112.412,8,4
MOF446,1.35,1.65,-0.62,9.39,2,0,65.39,2,2
MOF447,1.35,1.88,0.66225547,7.88,9,1,58.933,3,2
MOF448,1.35,1.65,-0.62,9.39,2,0,65.39,3,2
MOF449,1.35,1.65,-0.62,9.39,2,0,65.39,3,2
MOF450,1.35,1.65,-0.62,9.39,2,0,65.39,3,2
MOF451,1.35,2.245,0.921147,7.8275,7.25,0.25,153.7665,7,3.5
MOF452,1.6,1.93,1.304473,7.58,11,1,107.868,3.928571429,2
MOF453,1.35,1.9,1.235784,7.73,11,1,63.546,4,2
MOF454,1.35,1.88,0.66225547,7.88,9,1,58.933,1,1
MOF455,1.35,1.91,1.1571612,7.64,10,0,58.693,4,2
MOF456,2.2,0.82,0.50145913,4.34,1,1,39.098,1,1
MOF457,1.55,1.33,0.433289,6.63,4,0,91.224,8,4
MOF458,1.4,1.55,-0.52,7.43,7,1,54.938,8,4
MOF459,1.4,1.55,-0.52,7.43,7,1,54.938,3,2
MOF460,1.95,1.1,0.5575462,5.58,3,1,138.906,8,4
MOF461,1.45,1.5425,-0.4321705,8.5075,3.75,0.25,88.77375,3.5,2.5
MOF462,1.55,1.33,0.433289,6.63,4,0,91.224,8,4
MOF463,1.35,1.9,1.235784,7.73,11,1,63.546,1.666666667,1.333333333
MOF464,1.55,1.69,-0.72,8.99,2,0,112.412,8,4
MOF465,1.6,1.36,0.17938023,6.56,3,1,44.956,6,3
MOF466,1.35,1.88,0.66225547,7.88,9,1,58.933,6,3
MOF467,1.8,1.2,0.2123,6.15,8,0,157.25,8,4
MOF468,1.6,1.93,1.304473,7.58,11,1,107.868,4,2
MOF469,1.35,1.91,1.1571612,7.64,10,0,58.693,4,2
MOF470,1.35,1.65,-0.62,9.39,2,0,65.39,2.5,2
MOF471,1.35,1.65,-0.62,9.39,2,0,65.39,2.5,2
MOF472,1.85,1.2,0.11613,5.67,7,1,151.964,8,4
MOF473,1.75,1.22,0.131318,5.86,9,1,158.925,8,4
MOF474,1.35,1.9,1.235784,7.73,11,1,63.546,2.333333333,1.666666667
MOF475,1.35,1.65,-0.62,9.39,2,0,65.39,2.666666667,2
MOF476,1.4,1.755,1.0372841,7.2,7.5,0.5,75.7995,6,3
MOF477,1.4,1.55,-0.52,7.43,7,1,54.938,4.25,2.25
MOF478,1.8,1.2,0.2123,6.15,8,0,157.25,8,4
MOF479,2.2,0.82,0.50145913,4.34,1,1,39.098,1,1
MOF480,1.6,1.36,0.17938023,6.56,3,1,44.956,6,3
MOF481,1.6,1.36,0.17938023,6.56,3,1,44.956,6,3
MOF482,1.85,1.14,0.0974933,5.53,4,0,144.24,8,4
MOF483,1.6,1.93,1.304473,7.58,11,1,107.868,1,1
MOF484,1.85,1.2,0.11613,5.67,7,1,151.964,0,0
MOF485,1.85,1.2,0.11613,5.67,7,1,151.964,8,4
MOF486,1.55,1.69,-0.72,8.99,2,0,112.412,3,2
MOF487,1.85,1.2,0.11613,5.67,7,1,151.964,0,0
MOF488,1.35,1.65,-0.62,9.39,2,0,65.39,3,2
MOF489,1.35,1.9,1.235784,7.73,11,1,63.546,3,2
MOF490,1.35,1.9,1.235784,7.73,11,1,63.546,4,2
MOF491,1.55,1.69,-0.72,8.99,2,0,112.412,8,4
MOF492,1.35,1.9,1.235784,7.73,11,1,63.546,0,0
MOF493,1.55,1.69,-0.72,8.99,2,0,112.412,3,2
MOF494,1.55,1.69,-0.72,8.99,2,0,112.412,3,2
MOF495,1.55,1.69,-0.72,8.99,2,0,112.412,3,2
MOF496,1.55,1.69,-0.72,8.99,2,0,112.412,3,2
MOF497,1.35,1.9,1.235784,7.73,11,1,63.546,3,2
MOF498,1.35,1.88,0.66225547,7.88,9,1,58.933,6,3
MOF499,1.35,1.88,0.66225547,7.88,9,1,58.933,6,3
MOF500,1.35,1.88,0.66225547,7.88,9,1,58.933,4.333333333,2.333333333
MOF501,1.8,1,0.024551,6.11,2,2,40.078,3,2
MOF502,1.35,1.9,1.235784,7.73,11,1,63.546,3,2
MOF503,1.35,1.88,0.66225547,7.88,9,1,58.933,6,3
MOF504,1.35,1.88,0.66225547,7.88,9,1,58.933,3.5,2
MOF505,1.35,1.9,1.235784,7.73,11,1,63.546,3,2
MOF506,1.4,1.55,-0.52,7.43,7,1,54.938,8,4
MOF507,1.4,1.55,-0.52,7.43,7,1,54.938,6,3
MOF508,1.35,1.65,-0.62,9.39,2,0,65.39,3,2
MOF509,1.35,1.65,-0.62,9.39,2,0,65.39,0,0
MOF510,1.35,1.65,-0.62,9.39,2,0,65.39,3,2
MOF511,1.55,1.69,-0.72,8.99,2,0,112.412,0,0
MOF512,1.35,1.9,1.235784,7.73,11,1,63.546,2,2
MOF513,1.85,1.2,0.11613,5.67,7,1,151.964,8,4
MOF514,1.35,1.65,-0.62,9.39,2,0,65.39,4,2
MOF515,1.35,1.65,-0.62,9.39,2,0,65.39,2.571428571,2
MOF516,1.55,1.69,-0.72,8.99,2,0,112.412,3,2
MOF517,1.55,1.69,-0.72,8.99,2,0,112.412,5.5,3
MOF518,1.35,1.65,-0.62,9.39,2,0,65.39,2,2
MOF519,1.35,1.65,-0.62,9.39,2,0,65.39,2,2
MOF520,1.55,1.69,-0.72,8.99,2,0,112.412,8,4
MOF521,1.35,1.88,0.66225547,7.88,9,1,58.933,5,2.666666667
MOF522,1.35,1.9,1.235784,7.73,11,1,63.546,2.666666667,1.833333333
MOF523,1.55,1.69,-0.72,8.99,2,0,112.412,5.5,3
MOF524,1.35,1.91,1.1571612,7.64,10,0,58.693,4,2
MOF525,1.35,1.91,1.1571612,7.64,10,0,58.693,4,2
MOF526,1.95,1.1,0.5575462,5.58,3,1,138.906,0,0
MOF527,1.85,1.13,0.1092346,5.47,3,1,140.908,8,4
MOF528,1.85,1.12,0.60016027,5.54,4,0,140.116,8,4
MOF529,1.35,1.9,1.235784,7.73,11,1,63.546,3,2
MOF530,1.55,1.69,-0.72,8.99,2,0,112.412,5.5,3
MOF531,1.35,1.65,-0.62,9.39,2,0,65.39,3,2
MOF532,1.35,1.65,-0.62,9.39,2,0,65.39,3,2
MOF533,1.4,1.55,-0.52,7.43,7,1,54.938,6,3
MOF534,1.35,1.88,0.66225547,7.88,9,1,58.933,6,3
MOF535,1.35,1.91,1.1571612,7.64,10,0,58.693,4,2
MOF536,1.35,1.9,1.235784,7.73,11,1,63.546,3,2
MOF537,1.8,1.2,0.2123,6.15,8,0,157.25,8,4
MOF538,1.4,1.55,-0.52,7.43,7,1,54.938,5,2.5
MOF539,1.55,1.69,-0.72,8.99,2,0,112.412,8,4
MOF540,1.5125,1.7225,0.1579445,6.2,4,2.5,99.848,3.75,2.25
MOF541,1.5,1.805,0.453508368,6.3125,4.5,2.5,100.84675,3.75,2.25
MOF542,1.5,1.7475,0.1329445,6.69,2.75,2.25,102.461,2.75,2
MOF543,1.5375,1.6625,0.1829445,6.255,2.75,2.75,92.18975,3.75,2.25
MOF544,1.35,1.88,0.66225547,7.88,9,1,58.933,1,1
MOF545,1.35,1.9,1.235784,7.73,11,1,63.546,3,2
MOF546,1.35,1.9,1.235784,7.73,11,1,63.546,2,2
MOF547,1.55,1.69,-0.72,8.99,2,0,112.412,8,4
MOF548,1.35,1.9,1.235784,7.73,11,1,63.546,4,2
MOF549,1.35,1.9,1.235784,7.73,11,1,63.546,4,2
MOF550,1.6,1.93,1.304473,7.58,11,1,107.868,3,2
MOF551,1.6,1.93,1.304473,7.58,11,1,107.868,2,2
MOF552,1.75,1.22,0.131318,5.86,9,1,158.925,8,4
MOF553,1.75,1.22,0.131318,5.86,9,1,158.925,8,4
MOF554,1.75,1.22,0.131318,5.86,9,1,158.925,8,4
MOF555,1.55,1.33,0.433289,6.63,4,0,91.224,0,0
MOF556,1.35,1.65,-0.62,9.39,2,0,65.39,3,2
MOF557,1.35,1.65,-0.62,9.39,2,0,65.39,3,2
MOF558,1.35,1.65,-0.62,9.39,2,0,65.39,3,2
MOF559,1.35,1.65,-0.62,9.39,2,0,65.39,2.857142857,2
MOF560,1.85,1.2,0.11613,5.67,7,1,151.964,8,4
MOF561,1.8,1,0.024551,6.11,2,2,40.078,3,2
MOF562,1.55,1.69,-0.72,8.99,2,0,112.412,8,4
MOF563,1.35,1.88,0.66225547,7.88,9,1,58.933,6,3
MOF564,1.35,1.65,-0.62,9.39,2,0,65.39,2.166666667,2
MOF565,1.5,1.31,-0.42,7.65,2,2,24.305,5,2.666666667
MOF566,1.85,1.2,0.11613,5.67,7,1,151.964,8,4
MOF567,1.35,1.88,0.66225547,7.88,9,1,58.933,2.666666667,1.666666667
MOF568,1.4,1.55,-0.52,7.43,7,1,54.938,7.75,3.875
MOF569,1.35,1.9,1.235784,7.73,11,1,63.546,0,0
MOF570,1.4,1.83,0.15323635,7.9,8,0,55.845,4,2
MOF571,1.6,1.36,0.17938023,6.56,3,1,44.956,6,3
MOF572,1.4,2.2,0.5621412,8.34,10,0,106.42,6,3
MOF573,1.35,1.9,1.235784,7.73,11,1,63.546,3.333333333,2
MOF574,1.640909091,1.489090909,0.6385225,6.026363636,3.272727273,0.545454545,56.14909091,4.181818182,2.363636364
MOF575,1.839130435,1.412173913,0.612360127,5.605217391,3.173913043,0.565217391,62.41121739,4.043478261,2.304347826
MOF576,1.610810811,1.594864865,0.655662331,6.194054054,3.702702703,0.459459459,62.42243243,4.783783784,2.621621622
MOF577,1.637209302,1.502093023,0.64062939,6.046976744,3.325581395,0.534883721,56.92023256,4.255813953,2.395348837
MOF578,1.814634146,1.47902439,0.62361795,5.720487805,3.43902439,0.512195122,66.04004878,4.414634146,2.463414634
MOF579,1.35,1.9,1.235784,7.73,11,1,63.546,3,2
MOF580,1.35,1.65,-0.62,9.39,2,0,65.39,3,2
MOF581,1.85,1.2,0.11613,5.67,7,1,151.964,8,4
MOF582,1.35,1.65,-0.62,9.39,2,0,65.39,2,2
MOF583,1.35,1.9,1.235784,7.73,11,1,63.546,3,2
MOF584,1.37,1.936,0.679251976,7.722,8.4,0.8,66.3344,0,0
MOF585,1.35,1.976,0.693057976,7.876,8.4,0.8,83.9144,0,0
MOF586,1.37,1.936,0.679251976,7.722,8.4,0.8,66.3344,0,0
MOF587,1.35,1.9,1.235784,7.73,11,1,63.546,4,2
MOF588,1.55,1.69,-0.72,8.99,2,0,112.412,3,2
MOF589,1.85,1.2,0.11613,5.67,7,1,151.964,8,4
MOF590,1.55,1.78,0.383926,5.79,3,3,114.818,8,4
MOF591,1.55,1.33,0.433289,6.63,4,0,91.224,0,0
MOF592,1.55,1.78,0.383926,5.79,3,3,114.818,6,3
MOF593,1.35,1.9,1.235784,7.73,11,1,63.546,2.777777778,1.888888889
MOF594,1.75,1.22,0.131318,5.86,9,1,158.925,8,4
MOF595,1.35,1.9,1.235784,7.73,11,1,63.546,3,2
MOF596,1.55,1.69,-0.72,8.99,2,0,112.412,8,4
MOF597,1.35,1.65,-0.62,9.39,2,0,65.39,3.5,2
MOF598,1.35,1.65,-0.62,9.39,2,0,65.39,3,2
MOF599,1.55,1.69,-0.72,8.99,2,0,112.412,5.5,3
MOF600,1.35,1.65,-0.62,9.39,2,0,65.39,3,2
MOF601,1.35,1.65,-0.62,9.39,2,0,65.39,3,2
MOF602,1.35,1.88,0.66225547,7.88,9,1,58.933,1,1
MOF603,1.95,1.1,0.5575462,5.58,3,1,138.906,8,4
MOF604,1.95,1.1,0.5575462,5.58,3,1,138.906,8,4
MOF605,1.55,1.78,0.383926,5.79,3,3,114.818,6.666666667,3.333333333
MOF606,1.55,1.78,0.383926,5.79,3,3,114.818,6,3
MOF607,1.55,1.78,0.383926,5.79,3,3,114.818,6,3
MOF608,1.35,1.65,-0.62,9.39,2,0,65.39,2.3,1.7
MOF609,1.55,1.69,-0.72,8.99,2,0,112.412,6.333333333,3.333333333
MOF610,1.35,1.9,1.235784,7.73,11,1,63.546,3,2
MOF611,1.85,1.2,0.11613,5.67,7,1,151.964,8,4
MOF612,1.75,1.22,0.131318,5.86,9,1,158.925,8,4
MOF613,1.75,1.22,0.131318,5.86,9,1,158.925,8,4
MOF614,1.8,1,0.024551,6.11,2,2,40.078,3,2
MOF615,1.35,1.88,0.66225547,7.88,9,1,58.933,1,1
MOF616,1.4,1.55,-0.52,7.43,7,1,54.938,3,2
MOF617,1.35,1.65,-0.62,9.39,2,0,65.39,3.4,2
MOF618,1.4,1.83,0.15323635,7.9,8,0,55.845,6,3
MOF619,1.55,1.33,0.433289,6.63,4,0,91.224,0,0
MOF620,1.55,1.33,0.433289,6.63,4,0,91.224,0,0
MOF621,1.55,1.33,0.433289,6.63,4,0,91.224,8,4
MOF622,1.5,1.433333333,-0.405149667,8.296666667,2,0.666666667,56.95266667,3,2
MOF623,1.8,1,0.024551,6.11,2,2,40.078,3,2
MOF624,1.8,1,0.024551,6.11,2,2,40.078,3,2
MOF625,1.4625,1.47,-0.328018438,8.3275,1.75,0.25,54.79,1,1
MOF626,1.75,1.22,0.131318,5.86,9,1,158.925,8,4
MOF627,1.85,1.17,0.162,5.64,6,0,150.36,8,4
MOF628,1.35,1.65,-0.62,9.39,2,0,65.39,0,0
MOF629,1.35,1.65,-0.62,9.39,2,0,65.39,4,2
MOF630,1.35,1.65,-0.62,9.39,2,0,65.39,2,2
MOF631,1.35,1.65,-0.62,9.39,2,0,65.39,2.5,1.5
MOF632,1.35,1.88,0.66225547,7.88,9,1,58.933,3.259259259,2
MOF633,1.35,1.88,0.66225547,7.88,9,1,58.933,3.222222222,2
MOF634,1.35,1.9,1.235784,7.73,11,1,63.546,3.333333333,2
MOF635,1.85,1.2,0.11613,5.67,7,1,151.964,8,4
MOF636,1.8,1.2,0.2123,6.15,8,0,157.25,8,4
MOF637,1.75,1.38,0.314979,6.19,4,0,238.029,8,4
MOF638,1.55,1.69,-0.72,8.99,2,0,112.412,5.5,3
MOF639,1.35,1.9,1.235784,7.73,11,1,63.546,3,2
MOF640,1.35,1.9,1.235784,7.73,11,1,63.546,3,2
MOF641,1.35,1.9,1.235784,7.73,11,1,63.546,3,2
MOF642,1.75,1.22,0.131318,5.86,9,1,158.925,8,4
MOF643,1.35,1.88,0.66225547,7.88,9,1,58.933,3,2
MOF644,1.35,1.65,-0.62,9.39,2,0,65.39,2,2
MOF645,1.35,1.9,1.235784,7.73,11,1,63.546,4,2
MOF646,1.35,1.65,-0.62,9.39,2,0,65.39,3,2
MOF647,1.35,1.65,-0.62,9.39,2,0,65.39,3,2
MOF648,1.35,1.65,-0.62,9.39,2,0,65.39,3,2
MOF649,1.5,1.31,-0.42,7.65,2,2,24.305,4.5,2.5
MOF650,2,0.95,0.052066,5.69,2,2,87.62,8,4
MOF651,2.15,0.89,0.144626,5.21,2,2,137.328,3,2
MOF652,1.55,1.33,0.433289,6.63,4,0,91.224,8,4
MOF653,1.35,1.9,1.235784,7.73,11,1,63.546,3.5,2
MOF654,1.35,1.9,1.235784,7.73,11,1,63.546,3,2
MOF655,1.35,1.9,1.235784,7.73,11,1,63.546,3,2
MOF656,1.55,1.78,0.383926,5.79,3,3,114.818,8,4
MOF657,1.35,1.9,1.235784,7.73,11,1,63.546,3,2
MOF658,1.85,1.2,0.11613,5.67,7,1,151.964,8,4
MOF659,1.55,1.69,-0.72,8.99,2,0,112.412,3,2
MOF660,1.575,1.385,-0.194341,6.645,8,1,106.9315,6,3
MOF661,1.35,1.9,1.235784,7.73,11,1,63.546,3,2
MOF662,1.35,1.9,1.235784,7.73,11,1,63.546,3,2
MOF663,1.35,1.65,-0.62,9.39,2,0,65.39,2.333333333,2
MOF664,1.55,1.69,-0.72,8.99,2,0,112.412,5.5,3
MOF665,1.415625,1.56125,0.471245409,6.64125,5,0.875,62.3385,3.9375,2.375
MOF666,1.428125,1.55875,0.46591865,6.64625,4.875,1,62.18725,3.9375,2.375
MOF667,1.85,1.2,0.11613,5.67,7,1,151.964,8,4
MOF668,1.75,1.22,0.131318,5.86,9,1,158.925,8,4
MOF669,1.55,1.33,0.433289,6.63,4,0,91.224,8,4
MOF670,1.35,1.65,-0.62,9.39,2,0,65.39,3,2
MOF671,1.35,1.65,-0.62,9.39,2,0,65.39,3.333333333,2
MOF672,1.35,1.65,-0.62,9.39,2,0,65.39,3.333333333,2
MOF673,1.8,1.3,0.607696,6.31,4,0,232.038,6,4
MOF674,1.75,1.38,0.314979,6.19,4,0,238.029,8,4
MOF675,1.35,1.88,0.66225547,7.88,9,1,58.933,4.25,2.25
MOF676,1.35,1.88,0.66225547,7.88,9,1,58.933,4,2.333333333
MOF677,1.35,1.88,0.66225547,7.88,9,1,58.933,2.5,1.6
MOF678,1.55,1.78,0.383926,5.79,3,3,114.818,8,4
MOF679,2.2,0.82,0.50145913,4.34,1,1,39.098,1,1
MOF680,1.5,1.31,-0.42,7.65,2,2,24.305,6,3
MOF681,1.8,0.93,0.54792625,5.14,1,1,22.99,1,1
MOF682,1.5,1.31,-0.42,7.65,2,2,24.305,6,3
MOF683,1.55,1.33,0.433289,6.63,4,0,91.224,0,0
MOF684,1.39,1.876,1.0654124,7.342,9.4,1.4,73.8004,4,2.4
MOF685,1.85,1.2,0.11613,5.67,7,1,151.964,8,4
MOF686,1.75,1.22,0.131318,5.86,9,1,158.925,8,4
MOF687,1.85,1.2,0.11613,5.67,7,1,151.964,8,4
MOF688,1.75,1.22,0.131318,5.86,9,1,158.925,8,4
MOF689,1.8,1,0.024551,6.11,2,2,40.078,3,2
MOF690,1.6,1.93,1.304473,7.58,11,1,107.868,2.5,1.5
MOF691,1.35,1.9,0.06039664,7.83,7,1,186.207,6,3
MOF692,1.35,1.9,0.06039664,7.83,7,1,186.207,6,3
MOF693,1.35,1.9,0.06039664,7.83,7,1,186.207,6,3
MOF694,1.35,1.9,0.06039664,7.83,7,1,186.207,6,3
MOF695,1.75,1.24,0.338,6.02,11,1,164.93,8,4
MOF696,1.55,1.69,-0.72,8.99,2,0,112.412,8,4
MOF697,1.35,1.65,-0.62,9.39,2,0,65.39,3.25,2
MOF698,1.35,1.88,0.66225547,7.88,9,1,58.933,6,3
MOF699,1.35,1.9,1.235784,7.73,11,1,63.546,3,2
MOF700,1.35,1.88,0.66225547,7.88,9,1,58.933,4,2
MOF701,1.85,1.12,0.60016027,5.54,4,0,140.116,8,4
MOF702,1.35,1.65,-0.62,9.39,2,0,65.39,3,2
MOF703,1.35,1.65,-0.62,9.39,2,0,65.39,3,2
MOF704,1.95,1.1,0.5575462,5.58,3,1,138.906,8,4
MOF705,1.35,1.65,-0.62,9.39,2,0,65.39,2,2
MOF706,1.35,1.88,0.66225547,7.88,9,1,58.933,1,1
MOF707,1.55,1.78,0.383926,5.79,3,3,114.818,6,3
MOF708,1.35,1.9,1.235784,7.73,11,1,63.546,2,2
MOF709,1.35,1.9,1.235784,7.73,11,1,63.546,2,1.714285714
MOF710,1.85,1.2,0.11613,5.67,7,1,151.964,8,4
MOF711,1.85,1.2,0.11613,5.67,7,1,151.964,8,4
MOF712,1.55,1.69,-0.72,8.99,2,0,112.412,8,4
MOF713,1.6,1.93,1.304473,7.58,11,1,107.868,1.6,1.6
MOF714,1.55,1.69,-0.72,8.99,2,0,112.412,8,4
MOF715,1.55,1.69,-0.72,8.99,2,0,112.412,8,4
MOF716,1.55,1.69,-0.72,8.99,2,0,112.412,8,4
MOF717,1.35,1.65,-0.62,9.39,2,0,65.39,4,2
MOF718,1.85,1.2,0.11613,5.67,7,1,151.964,8,4
MOF719,1.75,1.22,0.131318,5.86,9,1,158.925,8,4
MOF720,1.55,1.33,0.433289,6.63,4,0,91.224,0,0
MOF721,1.85,1.2,0.11613,5.67,7,1,151.964,8,4
MOF722,1.35,1.91,1.1571612,7.64,10,0,58.693,4,2
MOF723,1.35,1.65,-0.62,9.39,2,0,65.39,3,2
MOF724,1.35,1.65,-0.62,9.39,2,0,65.39,3,2
MOF725,1.35,1.65,-0.62,9.39,2,0,65.39,4,2
MOF726,1.35,1.65,-0.62,9.39,2,0,65.39,2.5,2
MOF727,1.35,1.65,-0.62,9.39,2,0,65.39,3,2
MOF728,1.35,1.65,-0.62,9.39,2,0,65.39,3,2
MOF729,1.35,1.65,-0.62,9.39,2,0,65.39,0,0
MOF730,1.5,1.8175,-0.14898572,8.985,3.75,0.25,132.36325,6,3.125
MOF731,1.55,1.69,-0.72,8.99,2,0,112.412,8,4
MOF732,1.55,1.69,-0.72,8.99,2,0,112.412,8,4
MOF733,1.4,1.83,0.15323635,7.9,8,0,55.845,4,2
MOF734,1.55,1.69,-0.72,8.99,2,0,112.412,8,4
MOF735,1.35,1.88,0.66225547,7.88,9,1,58.933,6,3
MOF736,1.55,1.69,-0.72,8.99,2,0,112.412,8,4
MOF737,1.35,1.88,0.66225547,7.88,9,1,58.933,3.5,2
MOF738,1.55,1.33,0.433289,6.63,4,0,91.224,8,4
MOF739,1.35,1.88,0.66225547,7.88,9,1,58.933,6,3
MOF740,1.35,1.65,-0.62,9.39,2,0,65.39,3,2
MOF741,1.35,1.65,-0.62,9.39,2,0,65.39,2.8,2
MOF742,1.35,1.65,-0.62,9.39,2,0,65.39,3,2
MOF743,1.35,1.9,1.235784,7.73,11,1,63.546,3.666666667,2
MOF744,1.35,1.65,-0.62,9.39,2,0,65.39,3,2
MOF745,1.35,1.65,-0.62,9.39,2,0,65.39,3.333333333,2
MOF746,1.55,1.69,-0.72,8.99,2,0,112.412,8,4
MOF747,1.35,1.65,-0.62,9.39,2,0,65.39,3,2
MOF748,1.55,1.69,-0.72,8.99,2,0,112.412,8,4
MOF749,1.35,1.65,-0.62,9.39,2,0,65.39,2.333333333,2
MOF750,1.35,1.9,1.235784,7.73,11,1,63.546,2,2
MOF751,1.55,1.33,0.433289,6.63,4,0,91.224,8,4
MOF752,1.85,1.2,0.11613,5.67,7,1,151.964,8,4
MOF753,1.85,1.2,0.11613,5.67,7,1,151.964,8,4
MOF754,1.5,1.31,-0.42,7.65,2,2,24.305,6,3
MOF755,1.8,1,0.024551,6.11,2,2,40.078,3,2
MOF756,1.8,1,0.024551,6.11,2,2,40.078,3,2
MOF757,2,0.95,0.052066,5.69,2,2,87.62,8,4
MOF758,1.55,1.33,0.433289,6.63,4,0,91.224,8,4
MOF759,1.8,2.33,0.3567212,7.42,4,4,207.2,4,2
MOF760,1.8,2.33,0.3567212,7.42,4,4,207.2,4,2
MOF761,1.35,1.65,-0.62,9.39,2,0,65.39,3,2
MOF762,1.8,1,0.024551,6.11,2,2,40.078,3,2
MOF763,1.5,1.31,-0.42,7.65,2,2,24.305,6,3
MOF764,1.55,1.78,0.383926,5.79,3,3,114.818,6,3
MOF765,1.35,1.9,1.235784,7.73,11,1,63.546,4,2
MOF766,1.35,1.65,-0.62,9.39,2,0,65.39,3,2
MOF767,1.55,1.33,0.433289,6.63,4,0,91.224,8,4
MOF768,1.55,1.33,0.433289,6.63,4,0,91.224,8,4
MOF769,1.55,1.69,-0.72,8.99,2,0,112.412,8,4
MOF770,1.35,1.65,-0.62,9.39,2,0,65.39,3,2
MOF771,1.5375,1.8525,0.697410062,6.6025,4.75,0.25,77.7025,6.25,3.25
MOF772,1.85,1.2,0.11613,5.67,7,1,151.964,0,0
MOF773,1.75,1.22,0.131318,5.86,9,1,158.925,8,4
MOF774,1.75,1.22,0.131318,5.86,9,1,158.925,8,4
MOF775,1.35,1.91,1.1571612,7.64,10,0,58.693,4,2
MOF776,1.55,1.78,0.383926,5.79,3,3,114.818,8,4
MOF777,1.85,1.2,0.11613,5.67,7,1,151.964,8,4
MOF778,1.95,1.1,0.5575462,5.58,3,1,138.906,8,4
MOF779,1.55,1.69,-0.72,8.99,2,0,112.412,8,4
MOF780,1.35,1.91,1.1571612,7.64,10,0,58.693,4,2
MOF781,1.85,1.2,0.11613,5.67,7,1,151.964,8,4
MOF782,1.75,1.22,0.131318,5.86,9,1,158.925,8,4
MOF783,1.35,1.65,-0.62,9.39,2,0,65.39,3,2
MOF784,1.35,1.65,-0.62,9.39,2,0,65.39,3,2
MOF785,1.35,1.65,-0.62,9.39,2,0,65.39,4,2
MOF786,1.55,1.69,-0.72,8.99,2,0,112.412,5.5,3
MOF787,1.55,1.69,-0.72,8.99,2,0,112.412,8,4
MOF788,1.35,1.65,-0.62,9.39,2,0,65.39,3,2
MOF789,1.75,1.22,0.131318,5.86,9,1,158.925,8,4
MOF790,1.55,1.78,0.383926,5.79,3,3,114.818,6,3
MOF791,1.75,1.22,0.131318,5.86,9,1,158.925,8,4
MOF792,2,0.95,0.052066,5.69,2,2,87.62,8,4
MOF793,1.35,1.65,-0.62,9.39,2,0,65.39,4,2
MOF794,1.75,1.22,0.131318,5.86,9,1,158.925,8,4
MOF795,1.35,1.65,-0.62,9.39,2,0,65.39,0,0
MOF796,1.75,1.38,0.314979,6.19,4,0,238.029,8,4
MOF797,1.55,1.69,-0.72,8.99,2,0,112.412,8,4
MOF798,1.833333333,1.11,0.260062083,5.493333333,5,1,108.9726667,5.666666667,3
MOF799,1.35,1.91,1.1571612,7.64,10,0,58.693,4,2
MOF800,1.35,1.65,-0.62,9.39,2,0,65.39,3.333333333,2
MOF801,1.85,1.2,0.11613,5.67,7,1,151.964,8,4
MOF802,1.85,1.2,0.11613,5.67,7,1,151.964,8,4
MOF803,1.75,1.22,0.131318,5.86,9,1,158.925,8,4
MOF804,1.75,1.22,0.131318,5.86,9,1,158.925,8,4
MOF805,1.75,1.22,0.131318,5.86,9,1,158.925,8,4
MOF806,1.35,1.65,-0.62,9.39,2,0,65.39,2,1.5
MOF807,1.35,1.9,1.235784,7.73,11,1,63.546,3,2
MOF808,1.8,1.2,0.2123,6.15,8,0,157.25,8,4
MOF809,1.35,1.88,0.66225547,7.88,9,1,58.933,1,1
MOF810,1.85,1.2,0.11613,5.67,7,1,151.964,8,4
MOF811,1.35,1.88,0.66225547,7.88,9,1,58.933,6,3
MOF812,1.35,1.88,0.66225547,7.88,9,1,58.933,2,1.333333333
MOF813,1.85,1.2,0.11613,5.67,7,1,151.964,8,4
MOF814,1.55,1.69,-0.72,8.99,2,0,112.412,0,0
MOF815,1.55,1.69,-0.72,8.99,2,0,112.412,8,4
MOF816,1.55,1.69,-0.72,8.99,2,0,112.412,6.333333333,3.333333333
MOF817,1.35,1.65,-0.62,9.39,2,0,65.39,3,2
MOF818,1.35,1.65,-0.62,9.39,2,0,65.39,3,2
MOF819,1.85,1.2,0.11613,5.67,7,1,151.964,8,4
MOF820,1.75,1.22,0.131318,5.86,9,1,158.925,8,4
MOF821,1.4,1.55,-0.52,7.43,7,1,54.938,3,2
MOF822,1.55,1.33,0.433289,6.63,4,0,91.224,0,0
MOF823,1.55,1.33,0.433289,6.63,4,0,91.224,0,0
MOF824,1.35,1.65,-0.62,9.39,2,0,65.39,3,2
MOF825,1.55,1.69,-0.72,8.99,2,0,112.412,3,2
MOF826,1.4,1.55,-0.52,7.43,7,1,54.938,3,2
MOF827,1.8,2.33,0.3567212,7.42,4,4,207.2,4,2
MOF828,1.35,1.9,1.235784,7.73,11,1,63.546,4,2
MOF829,1.4,1.83,0.15323635,7.9,8,0,55.845,4,2
MOF830,1.35,1.91,1.1571612,7.64,10,0,58.693,4,2
MOF831,1.35,1.91,1.1571612,7.64,10,0,58.693,4,2
MOF832,1.35,1.91,1.1571612,7.64,10,0,58.693,4,2
MOF833,1.55,1.69,-0.72,8.99,2,0,112.412,3,2
MOF834,1.35,1.91,1.1571612,7.64,10,0,58.693,4,2
MOF835,1.35,1.91,1.1571612,7.64,10,0,58.693,4,2
MOF836,1.35,1.91,1.1571612,7.64,10,0,58.693,4,2
MOF837,1.4,1.55,-0.52,7.43,7,1,54.938,4,2
MOF838,1.35,1.65,-0.62,9.39,2,0,65.39,2,2
MOF839,1.35,1.88,0.66225547,7.88,9,1,58.933,1,1
MOF840,1.35,1.88,0.66225547,7.88,9,1,58.933,6,3
MOF841,1.35,1.9,1.235784,7.73,11,1,63.546,3,2
MOF842,1.35,1.9,1.235784,7.73,11,1,63.546,3,2
MOF843,1.35,1.65,-0.62,9.39,2,0,65.39,2,2
MOF844,1.35,1.65,-0.62,9.39,2,0,65.39,4,2
MOF845,1.35,2.176,0.9840744,7.808,8,0.4,135.7224,6,3.2
MOF846,1.35,1.88,0.66225547,7.88,9,1,58.933,4.333333333,2.333333333
MOF847,1.55,1.69,-0.72,8.99,2,0,112.412,8,4
MOF848,1.35,1.9,1.235784,7.73,11,1,63.546,3,2
MOF849,1.35,1.9,1.235784,7.73,11,1,63.546,3,2
MOF850,1.35,1.65,-0.62,9.39,2,0,65.39,2,2
MOF851,1.35,1.65,-0.62,9.39,2,0,65.39,4,2
MOF852,1.4,1.55,-0.52,7.43,7,1,54.938,5,2.5
MOF853,1.55,1.78,0.383926,5.79,3,3,114.818,6,3
MOF854,1.35,1.65,-0.62,9.39,2,0,65.39,2.666666667,2
MOF855,1.4,1.55,-0.52,7.43,7,1,54.938,6,3
MOF856,1.4,1.55,-0.52,7.43,7,1,54.938,6,3
MOF857,1.55,1.69,-0.72,8.99,2,0,112.412,6.333333333,3.333333333
MOF858,1.35,1.88,0.66225547,7.88,9,1,58.933,2.058823529,1.529411765
MOF859,1.383333333,1.733333333,0.67137067,7.14,7,0.333333333,54.30833333,6,3
MOF860,1.383333333,1.733333333,0.67137067,7.14,7,0.333333333,54.30833333,6,3
MOF861,1.35,1.88,0.66225547,7.88,9,1,58.933,1,1
MOF862,1.5,1.31,-0.42,7.65,2,2,24.305,6,3
MOF863,1.4,1.55,-0.52,7.43,7,1,54.938,0,0
MOF864,1.35,1.88,0.66225547,7.88,9,1,58.933,0,0
MOF865,1.4,1.55,-0.52,7.43,7,1,54.938,7.6,3.8
MOF866,1.5,1.31,-0.42,7.65,2,2,24.305,0,0
MOF867,1.35,1.88,0.66225547,7.88,9,1,58.933,3,2
MOF868,1.35,1.91,1.1571612,7.64,10,0,58.693,4,2
MOF869,1.55,1.69,-0.72,8.99,2,0,112.412,8,4
MOF870,1.35,1.9,1.235784,7.73,11,1,63.546,3.5,2
MOF871,1.35,1.9,1.235784,7.73,11,1,63.546,3.5,2
MOF872,1.55,1.33,0.433289,6.63,4,0,91.224,8,4
MOF873,1.35,1.65,-0.62,9.39,2,0,65.39,3,2
MOF874,1.35,1.65,-0.62,9.39,2,0,65.39,2.5,2
MOF875,1.35,1.65,-0.62,9.39,2,0,65.39,3,2
MOF876,1.35,1.65,-0.62,9.39,2,0,65.39,2.666666667,2
MOF877,1.35,1.65,-0.62,9.39,2,0,65.39,4,2
MOF878,1.35,1.65,-0.62,9.39,2,0,65.39,2.615384615,2
MOF879,1.35,1.65,-0.62,9.39,2,0,65.39,3,2
MOF880,1.55,1.69,-0.72,8.99,2,0,112.412,3,2
MOF881,1.35,1.65,-0.62,9.39,2,0,65.39,2,2
MOF882,1.35,1.65,-0.62,9.39,2,0,65.39,4,2
MOF883,1.35,1.9,1.235784,7.73,11,1,63.546,3,2
MOF884,1.35,1.9,1.235784,7.73,11,1,63.546,3,2
MOF885,1.35,1.9,1.235784,7.73,11,1,63.546,3,2
MOF886,1.35,1.88,0.66225547,7.88,9,1,58.933,6,3
MOF887,1.55,1.69,-0.72,8.99,2,0,112.412,8,4
MOF888,1.35,1.65,-0.62,9.39,2,0,65.39,2,2
MOF889,1.55,1.69,-0.72,8.99,2,0,112.412,8,4
MOF891,1.6,2.02,0.94236213,7.29,5,3,208.98,3,3
MOF896,1.35,1.88,0.66225547,7.88,9,1,58.933,4.666666667,2.333333333
MOF897,1.35,1.88,0.66225547,7.88,9,1,58.933,1,1
MOF898,1.35,1.65,-0.62,9.39,2,0,65.39,4,2
MOF900,1.85,1.2,0.11613,5.67,7,1,151.964,8,4
MOF901,1.85,1.2,0.11613,5.67,7,1,151.964,8,4
MOF902,1.35,1.65,-0.62,9.39,2,0,65.39,2,2
MOF906,1.55,1.69,-0.72,8.99,2,0,112.412,8,4
MOF907,1.55,1.69,-0.72,8.99,2,0,112.412,6.333333333,3.333333333
MOF908,1.35,1.65,-0.62,9.39,2,0,65.39,2,2
MOF911,1.55,1.69,-0.72,8.99,2,0,112.412,8,4
MOF912,1.35,1.65,-0.62,9.39,2,0,65.39,2,1.5
MOF913,1.85,1.2,0.11613,5.67,7,1,151.964,8,4
MOF914,1.75,1.22,0.131318,5.86,9,1,158.925,8,4
MOF921,1.55,1.69,-0.72,8.99,2,0,112.412,8,4
MOF922,1.525,1.2425,0.479479055,6.32,3.25,0.25,70.15325,0,0
MOF923,1.675,1.13,0.490607625,5.885,2.5,0.5,57.107,0,0
MOF924,1.81,1.126,0.460557052,5.714,2.8,0.4,70.3736,0,0
MOF925,2.05,1.01125,0.466181006,5.09875,2.125,0.625,87.6265,0,0
MOF926,1.8125,1.195,0.442874312,5.945,3.25,0.25,101.64425,0,0
MOF927,1.85,1.2,0.11613,5.67,7,1,151.964,8,4
MOF930,1.75,1.22,0.131318,5.86,9,1,158.925,8,4
MOF931,1.35,1.88,0.66225547,7.88,9,1,58.933,1,1
MOF932,1.35,1.65,-0.62,9.39,2,0,65.39,3,2
MOF935,1.95,1.1,0.5575462,5.58,3,1,138.906,8,4
MOF937,1.4,1.83,0.15323635,7.9,8,0,55.845,4,2
MOF938,1.35,1.65,-0.62,9.39,2,0,65.39,3,2
MOF939,1.35,1.9,1.235784,7.73,11,1,63.546,4,2
MOF940,1.85,1.2,0.11613,5.67,7,1,151.964,8,4
MOF941,1.55,1.78,0.383926,5.79,3,3,114.818,6,3
MOF942,1.55,1.78,0.383926,5.79,3,3,114.818,6,3
MOF943,1.55,1.78,0.383926,5.79,3,3,114.818,6,3
MOF944,1.55,1.78,0.383926,5.79,3,3,114.818,6,3
MOF945,1.55,1.78,0.383926,5.79,3,3,114.818,6,3
MOF946,1.55,1.78,0.383926,5.79,3,3,114.818,6,3
MOF947,1.55,1.78,0.383926,5.79,3,3,114.818,0,0
MOF949,1.55,1.69,-0.72,8.99,2,0,112.412,3,2
MOF950,1.55,1.69,-0.72,8.99,2,0,112.412,5.5,3
MOF951,1.35,1.91,1.1571612,7.64,10,0,58.693,4,2
MOF952,1.35,1.65,-0.62,9.39,2,0,65.39,3,2
MOF953,1.35,1.88,0.66225547,7.88,9,1,58.933,6,3
MOF954,1.35,1.65,-0.62,9.39,2,0,65.39,3.666666667,2
MOF955,1.4,1.83,0.15323635,7.9,8,0,55.845,0,0
MOF956,1.4,1.83,0.15323635,7.9,8,0,55.845,6,3
MOF959,1.85,1.14,0.0974933,5.53,4,0,144.24,8,4
MOF960,1.442857143,1.764285714,1.066681429,7.438571429,9.714285714,1.142857143,66.98514286,3.714285714,2.285714286
MOF961,1.35,1.65,-0.62,9.39,2,0,65.39,3,2
MOF964,1.35,1.88,0.66225547,7.88,9,1,58.933,1,1
MOF968,1.55,1.69,-0.72,8.99,2,0,112.412,6.333333333,3.333333333
MOF969,1.55,1.69,-0.72,8.99,2,0,112.412,8,4
MOF970,1.35,1.88,0.66225547,7.88,9,1,58.933,6,3
MOF971,1.35,1.91,1.1571612,7.64,10,0,58.693,4,2
MOF972,1.4,1.55,-0.52,7.43,7,1,54.938,6.666666667,3.333333333
MOF973,1.75,1.22,0.131318,5.86,9,1,158.925,8,4
MOF974,1.35,1.65,-0.62,9.39,2,0,65.39,4,2
MOF976,1.85,1.2,0.11613,5.67,7,1,151.964,8,4
MOF977,1.35,1.65,-0.62,9.39,2,0,65.39,2.8,2
MOF978,1.35,1.65,-0.62,9.39,2,0,65.39,2,2
MOF979,1.55,1.69,-0.72,8.99,2,0,112.412,3,2
MOF980,1.75,1.22,0.131318,5.86,9,1,158.925,8,4
MOF988,1.85,1.2,0.11613,5.67,7,1,151.964,8,4
MOF990,1.55,1.69,-0.72,8.99,2,0,112.412,8,4
MOF993,1.35,1.9,1.235784,7.73,11,1,63.546,3.333333333,2
MOF994,1.35,1.9,1.235784,7.73,11,1,63.546,3.333333333,2
MOF995,1.35,1.65,-0.62,9.39,2,0,65.39,4,2
MOF997,1.8,1,0.024551,6.11,2,2,40.078,3,2
MOF998,1.8,1,0.024551,6.11,2,2,40.078,3,2
MOF999,1.8,1,0.024551,6.11,2,2,40.078,3,2
MOF1000,1.8,1,0.024551,6.11,2,2,40.078,3,2
MOF1001,1.8,1,0.024551,6.11,2,2,40.078,3,2
MOF1003,1.85,1.2,0.11613,5.67,7,1,151.964,8,4
MOF1004,1.85,1.17,0.162,5.64,6,0,150.36,8,4
MOF1005,1.75,1.23,0.0153,5.94,10,0,162.5,8,4
MOF1006,1.85,1.14,0.0974933,5.53,4,0,144.24,8,4
MOF1007,1.75,1.24,0.312,6.11,12,0,167.26,8,4
MOF1008,1.85,1.12,0.60016027,5.54,4,0,140.116,8,4
MOF1009,1.85,1.22,0.3112922,6.22,3,1,88.906,8,4
MOF1010,1.85,1.2,0.11613,5.67,7,1,151.964,8,4
MOF1011,1.85,1.2,0.11613,5.67,7,1,151.964,8,4
MOF1012,1.75,1.22,0.131318,5.86,9,1,158.925,8,4
MOF1014,1.55,1.69,-0.72,8.99,2,0,112.412,8,4
MOF1015,1.55,1.69,-0.72,8.99,2,0,112.412,3.5,2
MOF1016,1.75,1.22,0.131318,5.86,9,1,158.925,8,4
MOF1018,1.35,1.88,0.66225547,7.88,9,1,58.933,6,3
MOF1019,1.55,1.69,-0.72,8.99,2,0,112.412,8,4
MOF1022,1.55,1.69,-0.72,8.99,2,0,112.412,3,2
MOF1023,1.35,1.65,-0.62,9.39,2,0,65.39,3,2
MOF1024,1.35,1.65,-0.62,9.39,2,0,65.39,4,2
MOF1027,1.35,1.91,1.1571612,7.64,10,0,58.693,4,2
MOF1028,1.35,1.65,-0.62,9.39,2,0,65.39,3,2
MOF1033,1.85,1.2,0.11613,5.67,7,1,151.964,8,4
MOF1038,1.35,1.88,0.66225547,7.88,9,1,58.933,1,1
MOF1041,1.55,1.69,-0.72,8.99,2,0,112.412,8,4
MOF1042,1.55,1.69,-0.72,8.99,2,0,112.412,8,4
MOF1045,1.4,1.83,0.15323635,7.9,8,0,55.845,5.333333333,2.666666667
MOF1046,1.35,1.88,0.66225547,7.88,9,1,58.933,6,3
MOF1050,1.426190476,2.038571429,0.421705143,7.637619048,5.047619048,0,88.66619048,6.952380952,3.523809524
MOF1052,1.8,1.3,0.607696,6.31,4,0,232.038,0,0
MOF1053,1.75,1.22,0.131318,5.86,9,1,158.925,8,4
MOF1055,1.85,1.17,0.162,5.64,6,0,150.36,8,4
MOF1060,1.55,1.78,0.383926,5.79,3,3,114.818,6,3
MOF1061,1.55,1.78,0.383926,5.79,3,3,114.818,6,3
MOF1062,1.55,1.78,0.383926,5.79,3,3,114.818,8,4
MOF1063,1.35,1.9,1.235784,7.73,11,1,63.546,2,2
MOF1064,1.35,1.9,1.235784,7.73,11,1,63.546,2,2
MOF1065,1.35,1.65,-0.62,9.39,2,0,65.39,2.8,2
MOF1066,1.35,1.65,-0.62,9.39,2,0,65.39,2.5,2
MOF1069,1.85,1.2,0.11613,5.67,7,1,151.964,8,4
MOF1070,1.55,1.69,-0.72,8.99,2,0,112.412,8,4
MOF1071,1.55,1.69,-0.72,8.99,2,0,112.412,8,4
MOF1077,1.35,1.9,1.235784,7.73,11,1,63.546,3.428571429,2
MOF1078,1.35,1.65,-0.62,9.39,2,0,65.39,3,2
MOF1082,1.35,1.65,-0.62,9.39,2,0,65.39,3.5,2
MOF1083,1.35,1.65,-0.62,9.39,2,0,65.39,3,2
MOF1091,1.35,1.9,1.235784,7.73,11,1,63.546,3,2
MOF1092,1.35,1.65,-0.62,9.39,2,0,65.39,0,0
MOF1095,1.35,1.9,1.235784,7.73,11,1,63.546,4,2
MOF1098,1.85,1.2,0.11613,5.67,7,1,151.964,8,4
MOF1099,1.75,1.22,0.131318,5.86,9,1,158.925,8,4
MOF1101,1.55,1.69,-0.72,8.99,2,0,112.412,8,4
MOF1104,1.85,1.2,0.11613,5.67,7,1,151.964,8,4
MOF1105,1.75,1.22,0.131318,5.86,9,1,158.925,0,0
MOF1106,1.35,1.9,1.235784,7.73,11,1,63.546,3.166666667,2
MOF1107,1.35,1.9,1.235784,7.73,11,1,63.546,3.333333333,2
MOF1108,1.4,1.83,0.15323635,7.9,8,0,55.845,5,2.5
MOF1109,1.55,1.69,-0.72,8.99,2,0,112.412,8,4
MOF1110,1.85,1.2,0.11613,5.67,7,1,151.964,8,4
MOF1114,1.35,1.65,-0.62,9.39,2,0,65.39,2.666666667,2
MOF1115,1.35,1.65,-0.62,9.39,2,0,65.39,3,2
MOF1116,1.35,1.65,-0.62,9.39,2,0,65.39,2.666666667,2
MOF1117,1.35,1.65,-0.62,9.39,2,0,65.39,3,2
MOF1118,1.35,1.65,-0.62,9.39,2,0,65.39,2.571428571,2
MOF1119,1.35,1.65,-0.62,9.39,2,0,65.39,2.333333333,2
MOF1120,1.55,1.69,-0.72,8.99,2,0,112.412,4.666666667,2.666666667
MOF1121,1.55,1.69,-0.72,8.99,2,0,112.412,6.333333333,3.333333333
MOF1122,1.55,1.69,-0.72,8.99,2,0,112.412,8,4
MOF1123,1.35,1.65,-0.62,9.39,2,0,65.39,3,2
MOF1124,1.35,1.65,-0.62,9.39,2,0,65.39,2,2
MOF1125,1.75,1.24,0.312,6.11,12,0,167.26,8,4
MOF1126,1.75,1.1,-0.02,6.25,14,0,173.04,8,4
MOF1128,1.55,1.69,-0.72,8.99,2,0,112.412,8,4
MOF1129,1.35,1.65,-0.62,9.39,2,0,65.39,3,2
MOF1130,1.55,1.69,-0.72,8.99,2,0,112.412,8,4
MOF1131,1.35,1.65,-0.62,9.39,2,0,65.39,3,2
MOF1132,1.55,1.69,-0.72,8.99,2,0,112.412,8,4
MOF1133,1.35,1.88,0.66225547,7.88,9,1,58.933,3.75,2
