,LCD,PLD,LFPD,Density,VSA,GSA,VF,PV
MOF1,6.34932,1.45336,6.34932,2.361,4791.02,2029.24,0.41406,0.175375
MOF2,36.1506,14.04664,36.1506,0.427517,1617.08,3782.5,0.82148,1.92151
MOF3,8.27781,2.00928,7.23554,1.32395,4317.56,3261.11,0.5042,0.380829
MOF4,14.59205,9.55254,14.59205,0.752086,2819.88,3749.4,0.71344,0.948614
MOF5,32.02393,30.99549,32.02393,0.486828,1713.38,3519.47,0.82332,1.69119
MOF6,26.04126,14.54717,26.04126,0.428971,1529.86,3566.36,0.84892,1.97897
MOF7,11.39286,3.40894,11.39286,0.949095,4811.95,5070.04,0.58396,0.615281
MOF8,6.30748,3.80746,6.05966,1.30834,5209.15,3981.5,0.47978,0.366709
MOF9,28.23749,11.69499,28.23749,0.681201,2159.7,3170.43,0.7409,1.08764
MOF10,6.75117,4.61816,6.73033,1.46545,4307.87,2939.63,0.53256,0.363411
MOF11,2.43335,1.36737,2.4302,2.19433,7412.16,3377.87,0.2917,0.132934
MOF12,2.27554,1.28818,2.2692,1.99038,7541.03,3788.74,0.30168,0.151569
MOF13,3.36501,2.20095,3.35548,2.2983,7075.62,3078.62,0.31202,0.135761
MOF14,12.50889,10.18531,12.50735,0.9535,3782.05,3966.49,0.6258,0.656319
MOF15,14.99641,9.89757,14.99641,0.736094,2819.54,3830.41,0.72664,0.987156
MOF16,4.98384,3.90173,4.96031,4.19955,2437.7,580.468,0.29666,0.0706409
MOF17,5.3923,4.26632,5.18862,1.20951,5520.77,4564.46,0.51022,0.421839
MOF18,6.94944,6.89684,6.94944,1.04189,3737.81,3587.53,0.58356,0.560099
MOF19,3.50283,1.85626,3.47623,1.85321,6665.47,3596.71,0.39192,0.211481
MOF20,5.35282,1.7323,2.6791,4.28202,3601.15,840.994,0.1722,0.0402147
MOF21,4.79847,4.18485,4.70167,1.50434,6009.41,3994.72,0.37886,0.251845
MOF22,6.04113,3.76397,5.99162,1.11974,4371.23,3903.79,0.49532,0.442353
MOF23,26.23192,8.98152,26.23192,0.74946,1673.28,2232.64,0.8214,1.09599
MOF24,26.2956,9.06734,26.2956,0.576598,1686.53,2924.98,0.80888,1.40285
MOF25,19.61611,6.71064,19.61611,0.903297,2314.7,2562.5,0.72344,0.800888
MOF26,6.07068,5.33043,6.07068,1.77601,5355.42,3015.42,0.54184,0.305088
MOF27,27.79726,11.16103,27.76929,0.630774,2170.1,3440.38,0.73398,1.16362
MOF28,28.48677,11.8329,28.48274,0.684425,2162.07,3158.96,0.74224,1.08447
MOF29,7.01984,6.76477,7.01984,0.978971,3862.8,3945.77,0.56194,0.574011
MOF30,3.17866,3.0229,3.17866,1.49603,5412.17,3617.69,0.44044,0.294406
MOF31,18.70421,7.24631,18.70421,0.469648,1752.26,3731.0,0.82138,1.74893
MOF32,33.13124,31.58045,33.12715,0.460108,1580.57,3435.23,0.83424,1.81314
MOF33,7.65165,3.33374,7.65165,1.59198,3649.09,2292.17,0.50232,0.315531
MOF34,7.4485,3.57263,7.4485,1.57117,3699.83,2354.82,0.51666,0.328838
MOF35,5.92037,3.78673,5.76953,1.43099,3815.1,2666.06,0.53858,0.37637
MOF36,9.75441,3.8914,9.74182,1.10792,3525.39,3181.99,0.58128,0.524659
MOF37,8.7476,1.65804,8.7476,2.48339,4114.43,1656.78,0.4246,0.170976
MOF38,14.73899,5.12647,14.73899,0.739806,2873.63,3884.31,0.6855,0.926594
MOF39,19.69299,7.98654,19.69299,0.409554,1756.17,4288.0,0.81358,1.9865
MOF40,18.4936,4.06846,18.48482,0.9977,2705.41,2711.64,0.70082,0.702436
MOF41,5.83331,5.05627,5.83331,2.03698,6123.02,3005.93,0.2961,0.145362
MOF42,10.42009,7.18667,10.42009,0.676137,2704.65,4000.15,0.74592,1.10321
MOF43,4.43805,1.53082,4.41472,4.78836,2938.18,613.609,0.15646,0.0326751
MOF44,29.11713,28.49004,29.11713,0.486038,1694.2,3485.75,0.80534,1.65695
MOF45,13.05025,6.26019,10.99255,1.88471,3053.42,1620.1,0.5841,0.309914
MOF46,8.88001,3.79178,8.88001,1.22494,3443.33,2811.03,0.57644,0.470588
MOF47,7.31597,3.25434,7.28285,1.46193,4191.34,2866.99,0.48444,0.33137
MOF48,3.76068,2.54094,3.76068,1.45961,7356.29,5039.91,0.376,0.257604
MOF49,6.45585,3.26114,6.45487,1.84619,4150.03,2247.88,0.37502,0.203131
MOF50,3.25413,2.62453,3.25413,1.49231,6357.04,4259.86,0.4149,0.278025
MOF51,4.20748,3.14588,4.20748,1.86702,7574.29,4056.88,0.3814,0.204283
MOF52,4.42304,4.31128,4.42304,2.33356,4366.07,1870.99,0.34936,0.149711
MOF53,5.90423,2.6714,5.70028,1.31183,5277.92,4023.31,0.38682,0.294869
MOF54,3.15379,2.97465,3.14991,1.96585,5237.28,2664.13,0.4796,0.243966
MOF55,4.86873,2.49441,4.85594,1.37685,5871.42,4264.39,0.43076,0.31286
MOF56,25.91872,14.45368,25.91872,0.455113,1497.74,3290.91,0.84416,1.85484
MOF57,3.74944,3.33712,3.74944,2.12494,6603.71,3107.72,0.35924,0.169059
MOF58,3.59955,3.06666,3.5637,2.10142,6670.72,3174.38,0.34514,0.164241
MOF59,7.82099,6.43142,7.82099,1.16534,4356.66,3738.53,0.45516,0.390581
MOF60,4.02404,2.46419,4.00567,1.34717,5845.44,4339.06,0.45488,0.337657
MOF61,2.69627,1.92627,2.69627,1.73162,5556.06,3208.6,0.35016,0.202215
MOF62,5.58308,2.4011,5.5821,1.24145,5853.13,4714.76,0.49432,0.39818
MOF63,11.00675,3.49366,11.00675,1.10433,4623.52,4186.73,0.61496,0.556864
MOF64,10.20776,10.09526,10.20776,1.01266,4527.94,4471.32,0.61202,0.604366
MOF65,10.32219,10.19883,10.32219,0.893387,3940.77,4411.05,0.6163,0.689847
MOF66,7.06145,3.53612,7.06145,2.11047,3494.3,1655.7,0.58458,0.27699
MOF67,6.96169,5.94428,6.92821,1.4203,4138.13,2913.55,0.53298,0.375258
MOF68,19.52135,6.64584,19.52135,1.26176,2318.49,1837.5,0.72188,0.572119
MOF69,28.26852,6.66862,28.26852,1.44915,2884.76,1990.65,0.63506,0.438228
MOF70,28.67887,6.71408,28.67887,0.993033,2663.59,2682.28,0.67516,0.679897
MOF71,6.23549,4.07005,5.99515,1.80747,3505.56,1939.48,0.5663,0.31331
MOF72,3.89349,3.28987,3.89118,1.71681,4907.92,2858.75,0.44946,0.261799
MOF73,3.47694,2.59984,3.20736,1.77279,6009.97,3390.13,0.42344,0.238856
MOF74,3.73526,3.13793,3.70329,1.42965,6560.84,4589.13,0.39356,0.275285
MOF75,7.15578,5.50181,7.1326,1.91188,3415.35,1786.39,0.6213,0.324969
MOF76,6.04734,5.69956,6.04734,1.50744,5542.31,3676.64,0.4894,0.324656
MOF77,2.70126,1.4682,2.69849,1.53276,7214.57,4706.91,0.34774,0.226871
MOF78,3.47773,2.06152,3.45882,1.55864,6941.37,4453.47,0.35844,0.22997
MOF79,5.17721,3.88044,5.16559,1.56809,5704.42,3637.8,0.4154,0.264907
MOF80,3.78582,2.15024,3.78582,1.90481,6578.77,3453.77,0.35584,0.186811
MOF81,3.44926,1.62395,3.44926,1.66457,6931.87,4164.37,0.34876,0.20952
MOF82,4.41466,3.00485,4.41466,1.54432,5277.1,3417.11,0.44792,0.290044
MOF83,5.46366,4.90673,5.46366,1.30343,5394.39,4138.61,0.48936,0.37544
MOF84,4.11804,2.53303,4.1151,1.25075,5997.64,4795.24,0.37828,0.302443
MOF85,4.12346,2.5924,4.10888,1.24075,5996.12,4832.66,0.4335,0.349386
MOF86,7.03902,6.03094,7.03874,1.11887,4983.1,4453.71,0.5359,0.478967
MOF87,6.66817,3.59897,6.6619,1.31448,4698.16,3574.15,0.53056,0.403627
MOF88,17.34515,14.33675,17.34515,0.750299,2723.62,3630.05,0.70826,0.94397
MOF89,17.90774,5.5108,17.90774,0.627024,2508.4,4000.48,0.73588,1.17361
MOF90,17.82346,5.70058,17.82346,0.554947,2359.97,4252.6,0.76638,1.381
MOF91,14.77554,3.65211,14.77554,0.94121,3370.65,3581.19,0.64884,0.689368
MOF92,11.40321,10.18699,11.40276,0.917491,2756.98,3004.91,0.65668,0.715735
MOF93,8.03559,1.09904,7.7189,2.39674,5284.76,2204.98,0.44854,0.187146
MOF94,9.36186,2.97688,9.35124,1.40953,3822.46,2711.86,0.53832,0.381913
MOF95,9.41435,5.13416,9.40904,0.969658,3217.36,3318.04,0.655,0.675496
MOF96,8.99461,3.85355,8.97552,1.21284,3478.03,2867.67,0.61294,0.505376
MOF97,8.94892,3.82859,8.93511,1.20805,3381.06,2798.77,0.60586,0.501518
MOF98,14.79601,10.7225,14.77646,0.635827,2356.28,3705.86,0.77934,1.22571
MOF99,2.73546,1.60448,2.57312,1.48961,7802.26,5237.79,0.34724,0.233108
MOF100,9.61883,9.49812,9.61883,1.11995,5507.53,4917.65,0.52988,0.473128
MOF101,6.00918,1.84848,5.22296,2.52793,5420.82,2144.37,0.36694,0.145154
MOF102,14.90827,3.336,14.90827,1.00238,4488.09,4477.43,0.59624,0.594824
MOF103,9.48439,5.60001,9.48439,1.12549,3845.29,3416.55,0.54282,0.482298
MOF104,6.06767,5.74902,6.06767,2.24031,5084.33,2269.47,0.4267,0.190464
MOF105,13.27059,6.68953,13.27059,0.887236,2791.78,3146.6,0.69228,0.780266
MOF106,11.68495,10.87937,11.68495,0.912593,2933.02,3213.95,0.62038,0.6798
MOF107,6.8777,6.64797,6.85608,1.21856,4217.67,3461.19,0.56982,0.467616
MOF108,2.91587,2.58681,2.91587,1.43708,5966.41,4151.77,0.38436,0.26746
MOF109,16.41253,5.25753,16.40713,0.71711,3167.8,4417.45,0.70624,0.984842
MOF110,12.20585,6.15217,12.20585,0.793444,2857.95,3601.96,0.67978,0.856746
MOF111,9.44618,3.8841,9.44132,3.85788,2873.04,744.72,0.26266,0.0680841
MOF112,13.04186,4.014,13.04186,1.4952,3033.74,2028.98,0.61624,0.412144
MOF113,11.46328,10.70672,11.46298,1.19412,2949.52,2470.04,0.6187,0.518123
MOF114,4.54614,3.60508,4.48676,1.32471,5891.89,4447.69,0.46586,0.35167
MOF115,7.71357,5.2637,7.70046,1.28778,3475.47,2698.81,0.5967,0.463355
MOF116,12.90794,5.24047,12.8925,0.673936,2923.89,4338.52,0.70938,1.05259
MOF117,5.06793,3.96154,5.06793,2.99124,5271.57,1762.33,0.38972,0.130287
MOF118,11.63735,10.86073,11.63667,1.22977,3099.07,2520.04,0.62614,0.509153
MOF119,3.24222,2.74069,3.24222,1.49568,6588.71,4405.17,0.39332,0.262971
MOF120,12.32851,3.26974,12.32413,1.89433,3678.33,1941.76,0.58262,0.30756
MOF121,9.34691,6.36719,9.34691,1.04439,3640.57,3485.83,0.60504,0.579323
MOF122,4.09639,2.34967,4.07929,2.34581,6148.96,2621.25,0.28324,0.120743
MOF123,10.91105,7.24443,10.91105,0.853574,2964.0,3472.46,0.68542,0.803
MOF124,14.70916,14.38229,14.70916,0.587695,2453.36,4174.54,0.74856,1.27372
MOF125,12.24162,4.61884,12.24162,0.807622,2928.11,3625.59,0.68024,0.842276
MOF126,4.24988,1.9977,4.24981,1.58953,5802.91,3650.7,0.4698,0.295558
MOF127,9.08516,8.30241,9.08516,1.0635,3935.86,3700.87,0.63362,0.59579
MOF128,4.3814,3.86214,4.36926,1.57387,5994.4,3808.7,0.4469,0.28395
MOF129,14.28916,8.63541,14.28916,0.6692,2421.63,3618.69,0.75644,1.13036
MOF130,14.56278,8.42198,14.56278,0.570867,2170.1,3801.42,0.78148,1.36894
MOF131,15.10806,7.9588,15.10367,0.589231,2165.17,3674.57,0.80952,1.37386
MOF132,11.44938,10.02105,11.211,0.449953,1773.22,3940.91,0.83382,1.85313
MOF133,2.60257,1.08333,2.60229,2.43679,6934.28,2845.67,0.27732,0.113806
MOF134,6.35197,4.55756,6.35197,2.15498,4833.16,2242.79,0.33108,0.153635
MOF135,23.89709,23.1208,23.89709,0.429614,1649.53,3839.56,0.84556,1.96818
MOF136,3.01161,2.39058,2.97827,4.46782,4441.03,994.004,0.22434,0.0502125
MOF137,6.88265,5.7276,6.86806,1.02354,3989.11,3897.35,0.58226,0.568867
MOF138,7.52586,6.35794,7.52586,1.66255,3967.84,2386.6,0.47436,0.28532
MOF139,5.70891,5.07571,5.70891,1.51315,3897.81,2575.96,0.5447,0.359978
MOF140,3.63488,1.84837,3.63488,4.07086,5500.68,1351.23,0.29404,0.0722304
MOF141,9.57644,5.41171,9.57644,1.39125,3689.34,2651.81,0.55452,0.398576
MOF142,4.58601,2.52692,4.55283,2.02697,5152.94,2542.19,0.42948,0.211883
MOF143,4.26141,3.58943,4.25894,2.15869,4524.78,2096.07,0.3875,0.179507
MOF144,7.67822,7.19096,7.6718,1.00037,3591.63,3590.29,0.62834,0.628106
MOF145,10.06459,4.93896,10.06459,0.926622,3214.0,3468.51,0.68618,0.740518
MOF146,3.05987,1.00266,3.05237,2.196,7372.06,3357.04,0.25578,0.116475
MOF147,5.14274,3.67598,5.1312,1.34119,5424.95,4044.88,0.5257,0.391966
MOF148,3.85408,2.93694,3.8532,2.00226,5586.49,2790.1,0.31706,0.158351
MOF149,10.8124,9.68893,10.8124,1.16864,3245.95,2777.55,0.62098,0.531371
MOF150,4.27918,4.04526,4.27918,2.20826,4542.4,2057.01,0.42854,0.194063
MOF151,2.18788,1.34758,2.18788,1.59268,6250.83,3924.74,0.25172,0.158049
MOF152,18.72558,7.75585,17.49504,0.466945,1877.87,4021.62,0.809,1.73254
MOF153,31.61006,11.66371,31.57217,0.400393,1392.45,3477.7,0.84464,2.10953
MOF154,9.55247,3.21831,7.43912,2.26082,3752.75,1659.9,0.57168,0.252864
MOF155,2.05832,0.88307,1.9583,2.23493,6809.23,3046.73,0.1871,0.0837164
MOF156,4.09905,1.36908,4.077,1.2644,6556.58,5185.51,0.3861,0.305361
MOF157,8.22648,3.68796,8.22648,1.80359,3639.48,2017.92,0.54174,0.300368
MOF158,8.16636,3.63608,8.16636,1.40372,3650.05,2600.28,0.53582,0.381716
MOF159,12.65678,12.45148,12.63831,0.754809,2434.14,3224.85,0.7182,0.951499
MOF160,5.69424,3.91942,5.43239,1.32791,5563.79,4189.89,0.475,0.357705
MOF161,12.94449,5.39251,12.93599,1.04643,3002.28,2869.07,0.66224,0.632856
MOF162,19.34511,12.33787,19.33739,0.450433,1803.19,4003.24,0.82664,1.83521
MOF163,7.39302,4.84143,7.39302,1.10616,4022.42,3636.37,0.57886,0.523304
MOF164,9.41867,8.86897,9.41275,1.10001,4383.19,3984.67,0.53158,0.483248
MOF165,5.80515,2.9825,5.73253,3.34456,4751.58,1420.69,0.38962,0.116494
MOF166,14.91316,13.24304,14.91316,0.365184,1632.89,4471.43,0.83138,2.27661
MOF167,2.20891,1.31703,2.19229,1.69528,6875.54,4055.69,0.25694,0.151562
MOF168,4.47438,2.65851,4.47276,1.56622,6237.35,3982.42,0.3911,0.249709
MOF169,4.32383,2.60267,4.32383,1.4151,6017.39,4252.29,0.36296,0.256491
MOF170,3.84965,1.79366,3.84965,1.50354,6882.02,4577.22,0.3105,0.206513
MOF171,5.11665,3.48684,5.10078,3.13926,4816.58,1534.3,0.43404,0.138262
MOF172,8.31162,7.77115,8.31162,1.23611,5210.75,4215.46,0.46694,0.377751
MOF173,7.30425,6.5808,7.30425,1.26614,5520.87,4360.4,0.44766,0.353563
MOF174,5.18882,3.82984,5.18882,1.20333,5526.84,4592.94,0.43118,0.358321
MOF175,16.09732,3.03368,16.08683,0.822613,3806.75,4627.63,0.61628,0.749173
MOF176,3.03289,2.1643,3.03067,2.52738,5460.47,2160.53,0.26922,0.106522
MOF177,6.595,5.59401,6.59459,1.0576,4594.57,4344.32,0.51392,0.485929
MOF178,4.85025,4.06454,4.85025,1.24879,5092.08,4077.61,0.41466,0.332049
MOF179,4.16667,3.56809,4.14075,1.5544,5463.7,3514.99,0.40084,0.257875
MOF180,7.48898,5.2438,6.05899,1.02061,3764.75,3688.73,0.58528,0.573461
MOF181,7.62507,3.12888,7.62507,1.65859,3357.95,2024.58,0.49152,0.296347
MOF182,6.30533,4.49793,6.29978,1.16773,5563.29,4764.19,0.46194,0.395588
MOF183,9.29922,1.42966,9.29637,1.85724,4655.54,2506.7,0.48802,0.262767
MOF184,4.8699,3.93778,4.85367,1.26156,5526.36,4380.59,0.45834,0.363313
MOF185,10.86825,2.81807,10.84856,1.85304,3945.15,2129.01,0.552,0.297888
MOF186,9.97802,9.8426,9.97802,1.0723,4992.86,4656.2,0.51882,0.483838
MOF187,10.07018,9.94208,10.07018,1.22593,5038.4,4109.87,0.5073,0.413809
MOF188,7.19322,1.55804,6.77872,1.17716,5581.22,4741.28,0.49652,0.421796
MOF189,2.93705,1.28275,2.91206,2.37971,6556.53,2755.17,0.264,0.110938
MOF190,6.95809,4.53426,6.95427,1.13212,4938.44,4362.14,0.45816,0.404694
MOF191,6.19757,4.01106,6.19757,1.45575,5474.37,3760.51,0.41936,0.288071
MOF192,5.69089,4.7197,5.69089,1.0552,5388.07,5106.22,0.4468,0.423428
MOF193,4.21864,2.31235,4.20063,1.46061,6243.64,4274.67,0.33474,0.229178
MOF194,5.59493,4.61612,5.59493,1.06274,5308.55,4995.16,0.46114,0.433917
MOF195,4.19442,1.7344,4.19442,1.26567,6295.75,4974.23,0.37532,0.296538
MOF196,5.25403,3.55446,5.25403,1.49143,5406.37,3624.95,0.43342,0.290607
MOF197,6.23579,5.49714,6.23579,1.58729,5706.07,3594.85,0.36684,0.231111
MOF198,6.13543,5.59613,6.13543,1.47554,5044.63,3418.83,0.42024,0.284803
MOF199,4.87594,3.54867,4.87536,1.55224,5508.66,3548.84,0.404,0.260269
MOF200,11.24702,10.84395,11.24702,1.63261,3677.88,2252.76,0.45992,0.281708
MOF201,6.93892,3.80818,6.45255,1.05982,5085.83,4798.75,0.4853,0.457906
MOF202,4.86457,3.56395,4.64534,1.44616,5169.65,3574.74,0.45408,0.31399
MOF203,2.98776,1.06012,2.98776,1.82137,6577.07,3611.06,0.22584,0.123995
MOF204,7.97174,5.12774,7.97174,1.15353,3302.88,2863.28,0.58336,0.505718
MOF205,12.13984,2.26538,12.10492,1.23072,3953.88,3212.65,0.60072,0.488104
MOF206,1.47229,1.19796,1.46801,2.87955,4906.64,1703.96,0.10936,0.0379782
MOF207,13.1919,6.66829,13.02882,0.879097,2816.26,3203.59,0.69354,0.788923
MOF208,11.39286,3.40894,11.39286,0.924526,4685.01,5067.47,0.59456,0.643097
MOF209,7.99371,4.36473,7.99371,1.62987,3510.62,2153.93,0.57564,0.353183
MOF210,11.1705,9.97111,11.1705,0.426775,1861.69,4362.23,0.81408,1.90751
MOF211,4.39246,4.26341,4.38672,2.22863,4334.37,1944.86,0.36314,0.162943
MOF212,15.06697,7.92585,14.93905,0.593339,2187.81,3687.29,0.7873,1.3269
MOF213,11.46299,10.70642,11.46299,1.19412,2942.22,2463.93,0.61792,0.51747
MOF214,11.61838,10.69624,11.61836,0.902193,2873.05,3184.52,0.61742,0.684355
MOF215,7.67822,7.19097,7.6718,1.00037,3566.14,3564.81,0.59612,0.595898
MOF216,11.86945,11.05457,11.86934,0.883247,2844.97,3221.04,0.6276,0.71056
MOF217,11.52446,10.8136,11.52261,1.18056,2784.71,2358.8,0.61082,0.517396
MOF218,7.32763,1.7864,7.32763,3.11702,3127.21,1003.27,0.26656,0.0855177
MOF219,2.42509,1.88547,2.42509,1.55349,7572.58,4874.57,0.28288,0.182093
MOF220,11.44489,10.55853,11.44487,1.19444,2912.55,2438.43,0.61728,0.516796
MOF221,6.08628,4.38339,6.08628,2.22297,4622.29,2079.33,0.31846,0.143259
MOF222,6.34916,6.10478,6.34916,1.77454,3961.91,2232.64,0.5304,0.298895
MOF223,16.53276,6.69779,16.53276,0.78335,2761.78,3525.6,0.70364,0.898244
MOF224,16.71267,15.25551,16.71267,0.397472,1741.98,4382.64,0.81704,2.05559
MOF225,11.09428,9.04015,11.09428,0.665673,2581.18,3877.55,0.71818,1.07888
MOF226,39.317,38.42184,39.30933,0.365232,1408.3,3855.92,0.8475,2.32044
MOF227,12.94936,9.90427,12.94462,0.903094,2370.35,2624.7,0.71496,0.791678
MOF228,11.63627,7.5614,11.63627,0.624231,2257.81,3616.95,0.74886,1.19965
MOF229,19.42534,10.46165,19.42534,0.445611,1760.93,3951.73,0.80644,1.80974
MOF230,13.99229,8.26404,13.99229,0.615459,2320.99,3771.15,0.74202,1.20564
MOF231,13.34465,5.35105,13.34465,0.846017,3015.79,3564.69,0.65108,0.769582
MOF232,12.90854,5.36266,12.90854,0.868063,3031.03,3491.72,0.65128,0.750268
MOF233,10.46003,5.71128,10.46003,0.724219,3198.61,4416.64,0.6498,0.897243
MOF234,14.18984,6.26161,14.18984,0.910919,2561.7,2812.21,0.69582,0.763866
MOF235,10.87616,5.2726,10.87615,0.837152,3201.09,3823.78,0.62452,0.746005
MOF236,12.54989,8.01572,12.54802,0.891656,3046.27,3416.42,0.64722,0.725863
MOF237,13.18086,4.82227,13.18086,0.863986,3095.01,3582.25,0.64562,0.747257
MOF238,13.25665,5.7536,11.93282,0.966932,3341.27,3455.54,0.60264,0.62325
MOF239,6.05525,4.93095,6.05212,1.05461,3839.97,3641.12,0.56512,0.535855
MOF240,11.07954,6.29642,11.04226,0.884138,3179.99,3596.72,0.63556,0.718847
MOF241,11.21755,3.61918,11.21755,0.925375,4671.75,5048.49,0.5972,0.64536
MOF242,7.0685,6.05609,7.06345,1.05896,3795.45,3584.13,0.55922,0.528084
MOF243,6.53875,5.76071,6.53855,1.06426,3855.98,3623.16,0.5591,0.525342
MOF244,19.58558,6.72401,19.58558,0.902602,2313.75,2563.42,0.72278,0.800774
MOF245,6.4968,5.46521,6.48847,1.15567,4163.11,3602.33,0.54636,0.472763
MOF246,12.74499,5.77928,12.74499,0.733163,2636.63,3596.24,0.70216,0.957713
MOF247,2.17823,0.36647,2.16183,4.1971,3801.37,905.712,0.07778,0.0185318
MOF248,8.09273,5.75735,7.88104,0.987164,4033.64,4086.09,0.5832,0.590783
MOF249,6.14285,4.29841,6.14285,1.21271,4838.6,3989.91,0.47358,0.390515
MOF250,6.2924,4.02189,6.26235,1.33234,3457.25,2594.87,0.5697,0.427594
MOF251,12.83976,11.91501,12.83976,0.685959,2584.84,3768.22,0.7191,1.04831
MOF252,6.54076,4.8782,6.53725,1.03324,4509.36,4364.3,0.51586,0.499265
MOF253,9.77409,9.63706,9.77409,0.990438,4575.59,4619.76,0.55252,0.557854
MOF254,14.5902,6.2263,12.21453,0.603618,3012.02,4989.95,0.70128,1.1618
MOF255,10.01013,7.75871,10.01013,0.671545,2579.54,3841.2,0.74226,1.1053
MOF256,9.02902,3.83802,9.02902,0.845075,4141.51,4900.76,0.56622,0.670024
MOF257,6.13519,4.41504,6.13519,1.61426,5161.32,3197.33,0.38906,0.241015
MOF258,4.72586,4.34886,4.70914,1.3267,5834.01,4397.37,0.41946,0.316167
MOF259,5.26033,3.57296,4.63122,1.71064,5914.2,3457.3,0.30958,0.180973
MOF260,9.9082,9.78954,9.90791,1.03173,4516.51,4377.62,0.56032,0.543088
MOF261,21.60283,8.70802,21.60283,0.443723,1802.7,4062.67,0.51978,1.17141
MOF262,19.5073,7.12452,19.5073,0.922216,3133.79,3398.11,0.63222,0.685545
MOF263,4.19757,3.53341,4.19406,1.29765,5578.37,4298.84,0.42112,0.324526
MOF264,10.39364,10.27787,10.39364,0.990795,4426.18,4467.3,0.56624,0.571501
MOF265,16.40548,6.2544,14.45084,0.540663,2600.77,4810.33,0.74208,1.37254
MOF266,9.78648,9.12512,9.78648,1.0301,2936.05,2850.25,0.74628,0.724471
MOF267,6.69548,4.06015,6.67985,1.03219,4351.9,4216.19,0.52748,0.51103
MOF268,16.7062,6.33558,14.47528,0.543377,2601.53,4787.71,0.74072,1.36318
MOF269,16.25601,6.43045,14.33665,0.543673,2602.63,4787.13,0.74382,1.36814
MOF270,6.90414,4.72979,6.90414,1.27453,4514.69,3542.25,0.52124,0.408968
MOF271,7.82021,4.59261,7.82021,1.06883,4625.96,4328.07,0.52096,0.487412
MOF272,10.32563,10.2098,10.32563,1.16569,4502.37,3862.41,0.56672,0.486167
MOF273,34.20558,8.48861,34.20558,0.73158,3266.36,4464.8,0.69082,0.944285
MOF274,2.48471,1.23966,2.43577,1.63457,7316.0,4475.81,0.23192,0.141885
MOF275,7.09885,6.53196,7.09643,0.672755,3429.02,5096.98,0.65764,0.977533
MOF276,4.16142,1.74473,4.16142,1.55928,6989.57,4482.57,0.28196,0.180828
MOF277,2.24352,1.17803,2.19595,1.70713,7405.14,4337.76,0.22004,0.128894
MOF278,4.10869,1.73796,4.08396,1.51103,6978.93,4618.66,0.28584,0.189169
MOF279,6.19474,4.30006,6.19086,1.12298,4649.36,4140.19,0.4798,0.427255
MOF280,11.43126,3.48146,11.43126,0.914253,4584.49,5014.47,0.59892,0.655092
MOF281,11.52398,10.73305,11.52398,1.19187,2903.08,2435.75,0.61898,0.519337
MOF282,11.9186,11.1081,11.9185,1.17859,2941.21,2495.53,0.63566,0.539338
MOF283,8.45524,3.80875,8.45524,1.21909,3641.3,2986.9,0.56092,0.460113
MOF284,14.08514,13.81694,14.08461,1.17064,3295.83,2815.41,0.60748,0.518929
MOF285,14.69858,14.40453,14.61633,0.993806,3132.64,3152.17,0.6604,0.664516
MOF286,33.66614,13.85635,33.66614,0.439744,1676.65,3812.8,0.81492,1.85317
MOF287,18.73649,9.1822,18.72101,0.559382,1932.46,3454.63,0.79838,1.42725
MOF288,12.1641,2.56229,12.04698,1.22663,3944.36,3215.61,0.60342,0.491934
MOF289,13.21066,6.67983,13.21066,0.878217,2821.26,3212.48,0.69312,0.789236
MOF290,13.17418,6.74167,13.16793,0.885232,2804.79,3168.42,0.69254,0.782326
MOF291,13.18983,6.65676,13.18983,0.879099,2820.11,3207.95,0.6944,0.7899
MOF292,11.75163,10.98212,11.75156,1.19791,2850.34,2379.42,0.61972,0.517333
MOF293,11.49493,10.69228,11.49493,1.2016,2908.8,2420.78,0.62132,0.517078
MOF294,6.5599,5.76704,6.55938,1.05979,3833.8,3617.53,0.56,0.528409
MOF295,12.82981,6.84646,12.82981,0.799058,2712.49,3394.6,0.6909,0.864643
MOF296,10.80014,9.7516,10.80014,1.23957,2934.2,2367.11,0.59786,0.482312
MOF297,9.5217,7.65584,9.5217,1.19888,3108.4,2592.75,0.6332,0.528159
MOF298,6.14825,3.93522,6.14825,1.98841,3989.49,2006.37,0.37894,0.190574
MOF299,17.87028,17.2642,17.87028,0.918444,2013.57,2192.37,0.74508,0.811242
MOF300,5.10592,3.36626,5.10234,3.1464,3716.73,1181.27,0.31028,0.0986143
MOF301,6.36623,5.56467,6.36623,1.45681,4130.89,2835.58,0.47464,0.325808
MOF302,6.24477,5.59501,6.24477,1.19392,4368.24,3658.73,0.48262,0.40423
MOF303,14.84826,13.18534,14.84826,1.14161,3173.64,2779.98,0.62132,0.544251
MOF304,11.00453,3.49366,11.00453,0.98837,4408.8,4460.68,0.60356,0.610662
MOF305,11.27051,2.62081,11.27051,1.08858,3933.82,3613.72,0.55554,0.510335
MOF306,6.63313,3.25109,6.61699,1.10898,4308.01,3884.67,0.5017,0.452399
MOF307,7.0104,5.91491,7.00826,1.01758,4026.97,3957.39,0.5723,0.562412
MOF308,4.74809,3.58509,4.47459,1.51827,4856.79,3198.9,0.38796,0.255528
MOF309,5.09531,4.47194,5.09153,1.40561,5648.7,4018.67,0.3762,0.267641
MOF310,4.11558,2.12258,4.11558,1.37035,5541.33,4043.74,0.39792,0.290379
MOF311,11.48458,3.81677,11.48185,0.978312,3462.6,3539.36,0.61872,0.632436
MOF312,17.01643,5.47286,17.01643,1.15485,4555.43,3944.6,0.59072,0.511512
MOF313,9.4783,7.63411,9.42074,1.02893,3354.3,3259.97,0.67364,0.654697
MOF314,10.35538,5.60178,7.8739,0.896022,3131.49,3494.88,0.6692,0.746857
MOF315,8.98106,2.1621,8.38762,1.52002,3928.63,2584.59,0.51682,0.340009
MOF316,34.00674,17.63763,34.00674,0.248025,909.67,3667.65,0.91522,3.69003
MOF317,3.22832,0.92459,3.22832,1.5652,8142.83,5202.43,0.3311,0.211539
MOF318,2.25769,0.91401,2.13516,1.6362,8287.03,5064.81,0.29746,0.1818
MOF319,11.59392,3.47612,11.59392,0.901559,4118.71,4568.43,0.6182,0.685701
MOF320,5.82982,2.14465,5.6385,2.07158,4890.84,2360.92,0.35182,0.169831
MOF321,3.28357,1.53,3.07174,1.29587,6752.84,5211.04,0.39486,0.304706
MOF322,5.94117,5.66691,5.93565,1.38146,5362.37,3881.66,0.42198,0.305459
MOF323,8.22573,3.1266,8.18052,1.23622,4552.05,3682.24,0.54362,0.439745
MOF324,5.9269,5.62001,5.9269,1.1825,4257.7,3600.58,0.60732,0.513589
MOF325,3.54102,2.90332,3.54102,1.9524,6966.74,3568.29,0.33336,0.170743
MOF326,5.85325,4.69354,5.76717,1.46019,4771.2,3267.52,0.56622,0.387771
MOF327,2.26949,1.24089,2.12708,2.06015,7838.55,3804.84,0.32468,0.1576
MOF328,5.51563,3.59799,5.50877,1.21802,4734.43,3886.98,0.58482,0.480139
MOF329,4.49067,3.0069,4.46253,1.54684,6159.02,3981.68,0.45178,0.292066
MOF330,6.47916,4.43743,5.82391,1.50671,5251.4,3485.33,0.5358,0.355608
MOF331,1.80028,0.93671,1.80028,2.86201,7869.41,2749.61,0.25188,0.0880081
MOF332,2.75114,1.52735,2.74555,1.51115,7287.72,4822.63,0.36562,0.241948
MOF333,5.57388,3.94154,5.56405,1.62881,5374.18,3299.46,0.50364,0.309208
MOF334,20.49995,8.04935,20.49995,0.405567,1886.91,4652.51,0.83004,2.04661
MOF335,7.85108,5.44783,7.84979,1.47793,4441.81,3005.42,0.55326,0.374347
MOF336,2.23472,1.98274,2.23409,1.56295,7411.92,4742.26,0.30596,0.195758
MOF337,5.01669,1.17379,5.01406,1.60079,6342.38,3962.04,0.42506,0.265532
MOF338,3.29437,1.45992,2.99132,1.46773,7446.36,5073.4,0.3426,0.233422
MOF339,1.81344,0.98387,1.81344,4.66647,4571.88,979.73,0.16416,0.0351786
MOF340,10.10968,9.89848,10.10968,1.02317,4407.86,4308.05,0.60148,0.587861
MOF341,8.49494,6.65348,8.49494,0.977581,4078.51,4172.05,0.64376,0.658523
MOF342,3.27542,2.68706,3.26569,1.98436,6458.74,3254.83,0.38068,0.19184
MOF343,3.29535,2.63701,3.28715,2.02532,6542.34,3230.27,0.37934,0.187299
MOF344,12.11368,10.20968,12.11368,0.764994,2440.59,3190.34,0.7329,0.958047
MOF345,8.92775,5.79668,8.92516,1.08359,5102.5,4708.89,0.54058,0.49888
MOF346,2.44846,1.2742,2.41328,2.69424,7953.39,2952.0,0.3331,0.123634
MOF347,5.79928,4.91311,5.79928,7.22505,4086.22,565.563,0.30684,0.0424689
MOF348,2.07557,1.21525,2.06352,2.94154,8048.97,2736.31,0.33312,0.113247
MOF349,2.131,1.24681,1.88003,3.46858,7872.06,2269.53,0.31586,0.0910631
MOF350,6.50888,2.2164,6.50888,1.17251,5592.49,4769.67,0.50398,0.42983
MOF351,8.57786,5.1162,7.42887,1.0224,4380.22,4284.26,0.5968,0.583726
MOF352,8.5389,5.07909,8.53886,1.02155,4414.71,4321.59,0.59178,0.579298
MOF353,8.77748,6.20101,8.48012,0.89871,3141.69,3495.77,0.67554,0.751677
MOF354,10.79886,5.11193,10.79881,1.06586,4429.65,4155.92,0.59596,0.559133
MOF355,11.4808,5.04513,11.4748,1.03666,4183.44,4035.48,0.608,0.586496
MOF356,4.03144,2.37516,3.99807,2.68351,5633.37,2099.25,0.3875,0.1444
MOF357,6.2988,3.43736,6.06177,1.14712,5742.33,5005.87,0.4958,0.432213
MOF358,9.44527,8.98792,9.44387,1.25912,4127.48,3278.06,0.57954,0.460273
MOF359,4.04233,2.84547,4.04233,2.79249,5450.36,1951.8,0.37566,0.134525
MOF360,4.40423,0.97613,4.23208,2.56691,6419.49,2500.86,0.26274,0.102356
MOF361,3.05979,1.6752,2.75685,1.47694,7062.19,4781.65,0.37138,0.251453
MOF362,7.73199,5.01492,7.73199,1.17458,4429.38,3771.02,0.56156,0.478093
MOF363,5.90739,4.56726,5.90739,1.398,6328.41,4526.75,0.40512,0.289785
MOF364,10.95177,7.2344,10.94193,0.988364,4110.97,4159.37,0.6195,0.626793
MOF365,6.07372,3.95527,6.07372,1.56314,6373.74,4077.51,0.40568,0.259528
MOF366,7.73358,3.94043,7.72516,1.20461,6058.18,5029.16,0.45288,0.375955
MOF367,4.5921,1.23169,4.58882,1.99484,7137.66,3578.06,0.34512,0.173006
MOF368,4.56587,1.28384,4.5118,2.02483,7253.34,3582.21,0.33066,0.163303
MOF369,22.7136,7.68714,22.7136,3.60691,1959.91,543.377,0.6962,0.193019
MOF370,2.36928,1.25061,2.36928,1.872,7721.23,4124.6,0.31344,0.167436
MOF371,2.04416,1.35801,2.0421,1.64889,7174.79,4351.3,0.32146,0.194956
MOF372,2.87152,1.95785,2.86954,2.31659,5967.62,2576.03,0.25742,0.11112
MOF373,7.32354,5.48601,7.32354,1.78475,5567.91,3119.71,0.431,0.24149
MOF374,13.90788,8.78517,13.90775,0.789167,3117.07,3949.82,0.69902,0.885769
MOF375,3.81189,1.62706,3.81189,1.56674,5816.0,3712.16,0.4121,0.26303
MOF376,4.27147,3.60968,4.26595,1.49233,5592.78,3747.68,0.51288,0.343678
MOF377,1.73312,1.01483,1.58524,1.77961,7637.87,4291.88,0.23344,0.131175
MOF378,7.6141,5.20497,7.6141,1.28018,4603.46,3595.96,0.5638,0.440408
MOF379,8.60446,8.22195,8.60446,1.39159,5402.3,3882.1,0.50944,0.366085
MOF380,2.36727,1.34314,2.36727,1.68618,7873.93,4669.68,0.32166,0.190762
MOF381,2.97329,1.2803,2.97329,1.94097,7798.43,4017.81,0.34262,0.17652
MOF382,7.58727,2.92871,7.58727,1.55252,4213.41,2713.92,0.5267,0.339255
MOF383,7.30114,1.68352,7.28413,1.86248,5155.04,2767.83,0.50188,0.269468
MOF384,9.06172,5.25055,9.06172,1.02428,4718.69,4606.81,0.58032,0.566561
MOF385,10.47971,2.58058,10.4797,2.00475,3232.41,1612.37,0.56512,0.28189
MOF386,4.9436,4.41806,4.9436,1.45162,5793.42,3991.01,0.44868,0.30909
MOF387,4.19386,4.00466,4.17665,1.82422,6761.48,3706.51,0.3394,0.186052
MOF388,2.93774,1.48306,2.73129,1.52226,7547.16,4957.87,0.37188,0.244295
MOF389,5.70609,1.53124,5.2722,1.14542,5853.87,5110.68,0.48118,0.420091
MOF390,3.55198,1.90467,3.55198,1.36456,6866.23,5031.83,0.4222,0.309404
MOF391,3.53148,1.82024,3.53148,1.32132,6880.41,5207.22,0.41166,0.311552
MOF392,4.87881,3.36795,4.36707,1.36706,6042.92,4420.39,0.43878,0.320967
MOF393,5.43189,5.02512,5.42702,1.61503,4252.1,2632.83,0.5642,0.349344
MOF394,5.96885,3.3015,5.95884,1.67386,5050.09,3017.04,0.48782,0.291435
MOF395,5.72205,2.38008,5.69815,3.01183,4077.14,1353.71,0.41662,0.138328
MOF396,12.21309,10.12192,12.21307,0.966133,3477.98,3599.89,0.63228,0.654444
MOF397,4.1786,3.28755,4.17265,2.16647,5114.24,2360.64,0.41648,0.192239
MOF398,5.0143,4.10168,4.92063,3.1171,4439.6,1424.27,0.43028,0.138039
MOF399,2.81329,1.80626,2.80072,1.9409,6957.85,3584.86,0.35892,0.184925
MOF400,3.57695,2.02728,3.56361,2.14835,6062.73,2822.04,0.404,0.188052
MOF401,6.61556,4.53508,6.61166,1.58382,6117.56,3862.54,0.43914,0.277266
MOF402,3.3495,1.19216,2.9537,1.6712,6885.92,4120.34,0.35514,0.212506
MOF403,8.88409,8.01315,8.88409,1.36955,5070.12,3702.03,0.52086,0.380315
MOF404,3.14927,1.3951,2.93925,1.82022,6907.91,3795.11,0.33644,0.184835
MOF405,3.49925,1.54491,3.4961,1.77134,6196.26,3498.07,0.38128,0.215249
MOF406,6.99318,6.77306,6.99318,1.52277,4268.95,2803.4,0.54356,0.356954
MOF407,5.79157,4.59409,5.79157,0.989543,3954.74,3996.53,0.61222,0.618689
MOF408,14.41957,10.04873,14.41957,0.777594,3606.98,4638.64,0.675,0.868062
MOF409,2.59016,1.67711,2.5601,1.51901,7460.95,4911.73,0.37674,0.248017
MOF410,4.51666,3.8464,4.51666,1.25772,5678.39,4514.84,0.48538,0.385922
MOF411,5.96632,4.68924,5.95465,1.38285,5057.6,3657.38,0.5132,0.371119
MOF412,4.42572,3.28833,4.42572,1.57085,5787.2,3684.12,0.4587,0.292007
MOF413,7.81329,5.64435,7.80442,1.15849,3698.35,3192.39,0.63822,0.550907
MOF414,6.25381,4.40633,6.25381,1.76509,6051.17,3428.25,0.37938,0.214935
MOF415,3.28673,2.16633,3.26922,1.26696,6815.11,5379.12,0.41742,0.329467
MOF416,4.08609,1.40902,4.06565,1.43549,7078.25,4930.88,0.3842,0.267643
MOF417,3.09392,1.47508,2.92707,1.99711,6944.82,3477.43,0.33006,0.165269
MOF418,4.24091,1.82864,4.24091,1.57946,7045.02,4460.38,0.40692,0.257632
MOF419,5.03202,2.8311,5.02664,1.37916,6127.58,4442.97,0.41446,0.300516
MOF420,1.66311,0.49443,1.65637,3.0937,5439.19,1758.15,0.12214,0.0394802
MOF421,7.39638,5.71156,7.38136,0.885787,3311.67,3738.67,0.69506,0.784681
MOF422,7.4166,5.80787,7.40847,0.989665,3182.06,3215.3,0.7105,0.71792
MOF423,6.06158,3.91693,6.05826,1.2503,3995.76,3195.85,0.63756,0.509927
MOF424,4.35713,1.62488,4.35713,1.4844,6428.61,4330.78,0.38898,0.262045
MOF425,6.46923,1.74038,6.46923,1.368,5713.04,4176.21,0.4487,0.327998
MOF426,7.26125,7.07684,7.26107,4.5204,4213.53,932.116,0.41382,0.0915451
MOF427,3.15937,1.45215,3.13704,1.88341,6195.55,3289.53,0.35784,0.189995
MOF428,4.93864,3.92629,4.93759,2.36376,4642.85,1964.18,0.4184,0.177006
MOF429,2.84027,2.14478,2.82628,1.79567,6676.88,3718.32,0.38702,0.21553
MOF430,7.52222,4.20022,7.52165,1.29606,4950.84,3819.92,0.50906,0.392776
MOF431,4.05885,2.7767,4.04534,1.64959,6035.38,3658.72,0.41442,0.251226
MOF432,4.9341,4.08656,4.9341,1.60893,5794.14,3601.24,0.46982,0.292007
MOF433,4.07795,2.70117,4.07308,1.72818,6632.56,3837.88,0.38774,0.224363
MOF434,6.04232,4.26699,6.04232,1.64843,5431.89,3295.18,0.49378,0.299545
MOF435,4.60898,3.57621,4.60898,1.66279,5586.06,3359.46,0.46214,0.277931
MOF436,3.9053,0.94485,3.847,2.37376,6608.76,2784.09,0.32156,0.135464
MOF437,5.63816,5.13711,5.63816,1.46949,5970.55,4063.01,0.45798,0.311659
MOF438,4.71774,1.14184,4.71774,1.24084,6132.93,4942.58,0.32842,0.264676
MOF439,10.26793,8.53889,10.25874,0.993716,4707.23,4737.0,0.60476,0.608585
MOF440,2.1546,1.46525,2.1546,1.8603,7855.08,4222.47,0.30332,0.163049
MOF441,3.14225,1.42218,2.12556,1.80601,6964.44,3856.25,0.33112,0.183343
MOF442,4.0834,2.23958,4.05096,1.52864,7391.36,4835.26,0.33802,0.221125
MOF443,3.18744,2.54226,3.18736,2.04542,6831.95,3340.13,0.31046,0.151783
MOF444,9.85225,8.07125,9.85225,1.06602,3743.3,3511.46,0.65552,0.614921
MOF445,3.99118,2.85731,3.99118,1.42664,6619.39,4639.84,0.40958,0.287094
MOF446,6.62989,2.97275,6.62888,1.24579,5645.7,4531.81,0.50126,0.402362
MOF447,1.64797,0.77022,1.64797,2.53306,7448.29,2940.43,0.19556,0.077203
MOF448,2.7158,1.48696,2.7158,1.50676,7577.41,5028.94,0.34934,0.231848
MOF449,2.71545,1.25652,2.71545,1.72366,7460.68,4328.4,0.34522,0.200283
MOF450,2.26208,1.21276,2.25587,1.57475,7745.54,4918.59,0.32864,0.208694
MOF451,6.32158,5.05347,6.32158,3.11674,5346.76,1715.5,0.4264,0.13681
MOF452,9.58181,1.15284,9.58179,2.31867,6765.99,2918.05,0.3825,0.164965
MOF453,2.77202,1.30146,2.77202,1.51386,7152.3,4724.53,0.34116,0.225357
MOF454,3.11358,1.42881,3.10322,1.36156,6704.37,4924.02,0.3803,0.279311
MOF455,3.08292,1.48758,3.08292,1.33033,6748.92,5073.12,0.38574,0.289958
MOF456,16.84949,7.16956,16.84949,0.962167,4072.58,4232.72,0.56228,0.584389
MOF457,10.24419,7.94547,10.22983,0.850742,2923.53,3436.45,0.69598,0.818086
MOF458,6.11983,1.10848,6.11983,1.23157,5701.0,4629.04,0.4618,0.374968
MOF459,2.45941,1.58625,2.45941,1.43362,6955.83,4851.94,0.36326,0.253387
MOF460,17.39237,16.36156,17.39237,1.20163,4080.51,3395.8,0.60478,0.503299
MOF461,3.92028,1.52123,2.95308,1.60137,6853.29,4279.64,0.3753,0.234362
MOF462,8.9545,3.83806,8.95449,1.22823,3429.55,2792.28,0.60374,0.491554
MOF463,3.32724,1.65563,3.32724,1.43406,7040.28,4909.33,0.38598,0.269152
MOF464,5.00563,4.25917,4.93791,1.33934,5848.59,4366.77,0.48006,0.35843
MOF465,4.10875,3.27634,4.10489,1.82168,4637.72,2545.85,0.49096,0.26951
MOF466,4.93422,3.16095,4.93398,1.31195,5835.92,4448.29,0.4536,0.345746
MOF467,5.43372,5.02349,5.42449,1.5934,4244.07,2663.52,0.56716,0.355943
MOF468,1.40308,0.46463,1.39641,5.46621,3636.72,665.309,0.06774,0.0123925
MOF469,5.69603,3.79342,5.69602,1.15071,4872.29,4234.16,0.54446,0.473151
MOF470,4.92935,4.17257,4.92935,1.19827,5730.83,4782.6,0.47926,0.399961
MOF471,4.27013,1.52913,4.25975,1.28524,6574.13,5115.1,0.4004,0.311537
MOF472,5.86283,1.67186,5.86283,1.64386,6166.2,3751.05,0.4162,0.253185
MOF473,5.84326,1.64702,5.83649,1.68113,6168.54,3669.28,0.41214,0.245156
MOF474,3.29085,2.19027,2.51131,1.94374,7213.67,3711.23,0.36832,0.18949
MOF475,5.60347,1.87517,5.55499,1.49996,6015.86,4010.67,0.43108,0.287394
MOF476,3.28629,3.1093,3.28629,1.83095,6248.96,3412.96,0.38884,0.212371
MOF477,3.1579,0.94748,2.86354,1.79658,6943.29,3864.72,0.30524,0.1699
MOF478,4.15608,3.62673,4.15539,2.59136,5505.18,2124.44,0.4049,0.15625
MOF479,5.48767,1.93076,5.48767,1.2474,5732.81,4595.81,0.4376,0.35081
MOF480,11.9339,9.85072,11.71923,0.70807,2822.49,3986.18,0.71796,1.01397
MOF481,9.93567,5.25721,9.92981,1.12043,3828.85,3417.3,0.62736,0.559927
MOF482,6.83845,4.74545,6.82054,1.03683,4256.65,4105.45,0.59778,0.576545
MOF483,2.09445,1.09519,2.08777,2.09346,8377.2,4001.61,0.29118,0.139091
MOF484,5.42227,3.09582,5.40982,1.79809,4795.36,2666.93,0.48162,0.267852
MOF485,3.89479,1.41547,3.89479,1.97256,6050.17,3067.17,0.40522,0.205429
MOF486,2.672,1.12209,2.66787,2.07129,7839.55,3784.86,0.35392,0.170869
MOF487,3.03644,0.79292,3.03113,3.07049,6972.44,2270.79,0.30622,0.0997299
MOF488,7.86479,3.70156,7.86091,1.09663,5492.37,5008.43,0.51428,0.468966
MOF489,3.45356,0.989,3.44315,1.71988,6962.58,4048.3,0.38222,0.222237
MOF490,2.23797,1.29667,2.21328,1.95371,7545.09,3861.93,0.3026,0.154885
MOF491,2.73423,2.04737,2.72266,2.28734,7115.74,3110.92,0.38304,0.167461
MOF492,4.72233,1.55166,4.58363,3.28456,3253.59,990.571,0.18022,0.0548689
MOF493,2.50337,1.03254,2.50282,1.89862,7969.82,4197.68,0.31784,0.167406
MOF494,2.88297,1.71314,2.88297,1.76857,7603.78,4299.4,0.3438,0.194394
MOF495,2.6662,1.43176,2.62036,1.73333,7550.13,4355.84,0.34998,0.201911
MOF496,2.51646,1.23608,2.51623,1.78173,7901.06,4434.5,0.33726,0.189288
MOF497,7.67276,5.32574,7.66792,0.664465,2611.39,3930.06,0.7649,1.15115
MOF498,3.06011,1.89119,2.63099,1.44428,6814.41,4718.21,0.35404,0.245133
MOF499,3.06323,1.56697,2.81029,1.45089,7141.9,4922.44,0.33224,0.228991
MOF500,2.70861,1.61393,2.69027,1.49302,6875.37,4605.0,0.33728,0.225904
MOF501,4.54314,4.06133,4.54314,1.36511,5533.77,4053.72,0.44504,0.326011
MOF502,4.27585,3.81579,4.27585,1.26227,4772.7,3781.03,0.58394,0.462609
MOF503,1.61952,0.6818,1.60697,2.1141,7956.59,3763.58,0.2233,0.105624
MOF504,2.28837,1.68037,2.28837,1.72298,6749.17,3917.15,0.40064,0.232528
MOF505,7.96396,5.74493,7.96396,0.871336,3423.89,3929.47,0.6823,0.78305
MOF506,3.16322,1.17881,3.16088,1.43739,7292.55,5073.47,0.33408,0.232421
MOF507,2.83723,2.35786,2.83338,1.42437,6359.85,4465.04,0.36614,0.257055
MOF508,2.27229,1.22063,2.22548,1.46575,7798.29,5320.33,0.32046,0.218632
MOF509,8.18811,5.35181,8.17575,1.01828,3000.93,2947.04,0.6951,0.682618
MOF510,9.20974,7.95188,9.13899,0.978875,4958.46,5065.47,0.5621,0.574231
MOF511,2.81923,1.62525,2.81715,1.47025,7071.1,4809.46,0.36964,0.251414
MOF512,2.42056,1.05982,2.14738,2.60027,8071.36,3104.04,0.34938,0.134363
MOF513,6.17065,3.76299,6.0498,1.08494,4122.47,3799.72,0.59156,0.545247
MOF514,5.02408,4.17141,5.02408,1.29623,6369.03,4913.5,0.43866,0.338412
MOF515,7.0464,4.403,5.74556,1.23569,5350.72,4330.15,0.52438,0.424362
MOF516,2.41388,1.43318,2.41388,1.83724,7627.08,4151.39,0.34108,0.185648
MOF517,3.54631,2.62181,3.50766,2.0022,6947.62,3469.99,0.392,0.195784
MOF518,8.53309,8.01397,8.52782,0.885424,4329.72,4890.0,0.61644,0.696209
MOF519,4.15522,1.14194,4.06391,1.40597,6639.34,4722.26,0.40324,0.286806
MOF520,4.29055,1.43315,4.28341,1.52108,6660.03,4378.49,0.40784,0.268126
MOF521,4.21517,2.67309,4.20134,1.47159,5985.64,4067.47,0.41186,0.279874
MOF522,2.57947,1.41823,2.53398,4.6405,6591.36,1420.4,0.19712,0.0424781
MOF523,5.94464,1.52971,5.77958,2.07546,5914.2,2849.58,0.42892,0.206662
MOF524,7.39587,4.99689,7.39587,0.780948,3433.78,4396.94,0.6753,0.864718
MOF525,7.59953,4.97914,7.58078,0.922962,4005.07,4339.36,0.61808,0.66967
MOF526,8.66432,5.13056,8.66432,1.00023,4406.84,4405.83,0.59038,0.590244
MOF527,8.58172,5.14144,8.18281,0.990846,4387.01,4427.54,0.59788,0.603404
MOF528,8.57705,5.11128,8.57705,0.995859,4397.61,4415.89,0.59594,0.598418
MOF529,3.4765,1.9766,3.46544,2.6644,5757.56,2160.93,0.33682,0.126415
MOF530,2.96399,2.26372,2.9578,1.79143,6714.51,3748.14,0.34504,0.192606
MOF531,17.28904,9.15283,17.28904,0.570092,1884.2,3305.09,0.82702,1.45068
MOF532,17.25777,9.15882,17.25496,0.57291,1875.2,3273.12,0.8285,1.44612
MOF533,2.24337,1.55734,2.20353,1.67205,6924.25,4141.17,0.3099,0.185341
MOF534,4.8987,1.91799,4.89676,1.79957,5399.38,3000.38,0.34778,0.193258
MOF535,4.56641,2.97781,4.40663,1.29427,5535.49,4276.94,0.45654,0.352741
MOF536,4.83616,1.87586,4.83342,1.78839,5550.5,3103.63,0.35892,0.200695
MOF537,1.80956,0.98218,1.79861,3.7314,5744.3,1539.45,0.17798,0.0476979
MOF538,5.31139,4.17699,5.28322,1.50142,5192.9,3458.66,0.47932,0.319244
MOF539,2.53801,1.37228,2.538,2.10596,7193.7,3415.87,0.41664,0.197838
MOF540,13.88809,11.25476,13.88809,0.711135,1937.05,2723.89,0.80832,1.13666
MOF541,13.80897,11.21223,13.80897,0.737235,1966.05,2666.78,0.80406,1.09064
MOF542,13.87776,11.28019,13.87776,0.737307,2015.65,2733.8,0.8071,1.09466
MOF543,13.93384,11.32343,13.93384,0.688266,1954.96,2840.42,0.80598,1.17103
MOF544,8.1309,7.21043,8.08032,0.715898,2921.42,4080.78,0.706,0.986174
MOF545,6.571,3.1657,6.571,1.25657,5598.79,4455.6,0.49964,0.397621
MOF546,3.79539,3.05435,3.79367,1.42323,6769.94,4756.76,0.39988,0.280967
MOF547,4.39978,1.82598,2.36754,1.58292,6311.37,3987.17,0.391,0.247012
MOF548,5.25848,4.51744,5.25848,1.26887,5299.41,4176.49,0.50992,0.40187
MOF549,5.39601,3.14121,5.39601,1.28411,6100.41,4750.71,0.44098,0.343414
MOF550,3.13774,1.8512,3.13686,1.63042,7074.96,4339.35,0.39244,0.240699
MOF551,1.91121,0.98704,1.91121,1.9365,8006.35,4134.45,0.31812,0.164276
MOF552,4.05319,2.84793,4.05319,2.7497,5458.38,1985.08,0.37598,0.136735
MOF553,4.9417,4.25415,4.9417,1.4688,5322.69,3623.85,0.4826,0.328569
MOF554,3.14808,1.64605,3.14556,2.16459,6669.75,3081.3,0.32324,0.149331
MOF555,15.30209,8.40084,15.30209,0.59512,2113.8,3551.89,0.77908,1.30911
MOF556,3.99535,3.6686,3.98936,1.47116,6286.76,4273.33,0.42796,0.290899
MOF557,5.0132,3.95267,5.00853,1.28785,5581.06,4333.64,0.49552,0.384766
MOF558,6.73642,4.27682,6.69937,1.08464,4784.57,4411.21,0.56546,0.521335
MOF559,5.87569,2.18352,5.87084,1.35301,5849.49,4323.33,0.47728,0.352755
MOF560,2.57907,1.76333,2.53322,1.92077,6913.98,3599.59,0.31094,0.161883
MOF561,4.06786,3.23393,4.06786,1.42654,5023.83,3521.7,0.4516,0.316571
MOF562,5.48358,3.81082,5.48139,1.38756,4755.79,3427.46,0.5383,0.387948
MOF563,2.40909,1.04555,2.40381,1.67552,7730.61,4613.85,0.2839,0.16944
MOF564,3.47746,0.50168,3.46412,3.62431,3125.12,862.266,0.14892,0.0410892
MOF565,5.88334,4.31831,5.88334,0.995906,4508.82,4527.36,0.56826,0.570596
MOF566,2.29928,1.23167,2.29928,1.7542,7646.08,4358.73,0.31194,0.177825
MOF567,5.90608,3.06143,5.90587,1.34296,5119.66,3812.22,0.47958,0.357107
MOF568,2.82709,1.19414,2.78161,1.93267,6454.14,3339.5,0.2893,0.149689
MOF569,2.73746,1.49309,2.3126,1.5671,7812.9,4985.57,0.33112,0.211294
MOF570,15.31667,7.61938,15.31667,0.928505,3287.02,3540.13,0.66064,0.71151
MOF571,15.37701,7.18375,15.35022,0.878558,3081.91,3507.92,0.67426,0.767462
MOF572,3.79704,2.65611,3.76878,2.70074,4742.17,1755.88,0.22096,0.0818146
MOF573,7.01297,5.87504,6.9937,1.1528,4524.07,3924.44,0.58502,0.50748
MOF574,5.95565,3.93235,5.95565,1.60036,5954.22,3720.55,0.39184,0.244845
MOF575,6.18562,4.11285,6.05857,1.72244,5240.78,3042.65,0.32108,0.18641
MOF576,7.65164,5.64253,7.46356,1.54677,5732.37,3706.02,0.42566,0.275192
MOF577,8.35031,6.39134,8.35031,1.73113,5621.43,3247.26,0.37964,0.219302
MOF578,8.68147,5.96874,8.49959,1.80807,4850.0,2682.41,0.34408,0.190302
MOF579,1.96793,0.83361,1.61421,2.07007,8507.86,4109.94,0.22518,0.108779
MOF580,5.04347,4.00992,4.55224,1.35564,5973.8,4406.64,0.4931,0.363741
MOF581,4.95086,3.19186,4.47387,1.36302,6549.88,4805.43,0.40464,0.296871
MOF582,3.00253,0.96051,2.9584,3.8068,4415.24,1159.83,0.1469,0.0385888
MOF583,6.12236,3.96558,6.07794,1.12074,5856.78,5225.81,0.51562,0.46007
MOF584,11.43218,3.55769,11.43218,2.17906,4496.55,2063.53,0.3831,0.17581
MOF585,12.55209,3.61445,12.55209,1.94053,4768.92,2457.54,0.47404,0.244284
MOF586,11.29956,3.47756,11.29956,1.60643,4409.65,2745.0,0.47816,0.297654
MOF587,5.85191,2.7524,5.44673,1.2678,5429.91,4282.93,0.50806,0.40074
MOF588,5.91727,5.02517,5.91037,0.901299,3581.66,3973.88,0.68742,0.762699
MOF589,18.64592,4.47168,18.64592,0.714985,2569.66,3594.01,0.7382,1.03247
MOF590,8.45642,5.54542,8.44277,0.912244,3888.35,4262.4,0.62994,0.690539
MOF591,17.96444,7.41117,17.96444,0.545308,2024.16,3711.96,0.7857,1.44084
MOF592,2.6745,1.257,2.6745,2.06982,6967.75,3366.36,0.30836,0.148979
MOF593,6.07747,2.38656,5.89842,1.46557,5675.59,3872.62,0.48242,0.329169
MOF594,2.56197,1.78987,2.56197,1.65966,7278.25,4385.39,0.35098,0.211477
MOF595,6.62061,5.07508,6.62061,1.80304,4089.69,2268.22,0.52226,0.289656
MOF596,6.87304,3.82431,6.87304,0.973124,4737.84,4868.69,0.57378,0.589627
MOF597,2.28601,1.22943,2.19443,2.28656,6246.09,2731.65,0.3018,0.131989
MOF598,3.23903,1.52339,3.23331,1.64334,6984.05,4249.91,0.36556,0.222449
MOF599,3.57245,2.25602,3.57027,2.81321,6558.95,2331.48,0.28966,0.102964
MOF600,4.3307,1.90776,4.22768,1.28921,6469.1,5017.89,0.4186,0.324696
MOF601,3.39506,1.69021,3.39506,1.72656,7172.02,4153.95,0.35128,0.203457
MOF602,4.72269,3.17896,4.49329,1.15935,5777.3,4983.23,0.45128,0.389253
MOF603,7.80612,5.40892,7.80612,1.39846,5087.48,3637.92,0.51938,0.371395
MOF604,6.15234,4.6811,6.15234,1.33422,5911.35,4430.57,0.47018,0.352401
MOF605,6.24288,4.56068,6.2408,1.07396,4014.51,3738.06,0.61884,0.576225
MOF606,7.82026,6.03365,7.82026,1.11291,4203.75,3777.27,0.59516,0.534779
MOF607,8.62656,6.17315,8.6027,1.08027,3977.83,3682.25,0.61644,0.570634
MOF608,6.29915,4.98791,6.21463,1.74133,4987.63,2864.26,0.55582,0.319193
MOF609,5.3272,4.04362,5.18456,1.33734,5534.87,4138.73,0.51294,0.383554
MOF610,4.81568,3.1058,4.79324,1.33991,6289.07,4693.66,0.45836,0.342083
MOF611,2.93411,1.60176,2.93353,1.76159,7146.2,4056.67,0.31762,0.180303
MOF612,2.87015,1.596,2.87015,1.78982,7132.39,3984.97,0.31504,0.176017
MOF613,2.64521,1.56853,2.64521,2.06124,6953.74,3373.58,0.33054,0.16036
MOF614,4.12516,3.25081,4.12516,1.42999,5012.79,3505.48,0.45136,0.315639
MOF615,2.80765,1.64594,2.7943,1.52287,7300.88,4794.16,0.37832,0.248426
MOF616,4.26264,2.9276,4.26153,1.30474,6178.57,4735.49,0.44106,0.338045
MOF617,3.9023,1.62518,3.83665,1.59193,7224.36,4538.13,0.34652,0.217674
MOF618,10.89436,4.56255,10.87817,0.876784,3734.81,4259.67,0.65132,0.742851
MOF619,9.94853,1.02154,9.94853,2.30374,3405.17,1478.11,0.50446,0.218975
MOF620,15.6514,7.66332,15.6514,0.610293,2122.84,3478.4,0.77878,1.27607
MOF621,14.2525,8.03414,14.2525,0.833527,2222.97,2666.94,0.75812,0.909533
MOF622,5.04712,4.40446,5.03839,1.18522,5082.1,4287.89,0.52972,0.446937
MOF623,2.02848,1.33051,1.78657,2.5342,6791.8,2680.06,0.2284,0.090127
MOF624,4.26792,3.6865,4.26792,1.66589,6381.28,3830.56,0.38352,0.23022
MOF625,2.64215,2.05768,2.6212,1.47459,7021.56,4761.7,0.42622,0.289043
MOF626,3.68305,1.96722,3.65784,1.82152,6115.79,3357.52,0.40334,0.221431
MOF627,3.74578,2.02491,3.72132,1.76637,6137.68,3474.74,0.4072,0.230529
MOF628,4.2587,0.95396,3.85717,2.87026,5055.33,1761.28,0.2919,0.101698
MOF629,1.99109,1.19694,1.79335,2.51544,7067.02,2809.45,0.26448,0.105143
MOF630,4.78011,2.77061,4.77017,1.37415,6875.04,5003.13,0.44288,0.322294
MOF631,4.38193,2.84526,4.38193,1.45198,5909.83,4070.18,0.44988,0.309838
MOF632,4.83447,1.50153,3.63004,1.40753,5886.79,4182.34,0.44076,0.313144
MOF633,5.02377,1.54737,4.36217,1.61978,5602.59,3458.86,0.46338,0.286076
MOF634,5.98881,4.01685,5.98819,1.35756,5090.6,3749.82,0.54286,0.39988
MOF635,5.02232,1.16177,4.96836,2.18427,6706.48,3070.35,0.33474,0.15325
MOF636,11.70646,7.36689,11.70646,1.20179,4212.24,3504.96,0.58896,0.490068
MOF637,5.35682,4.30118,5.34801,1.73954,5595.27,3216.53,0.48222,0.277212
MOF638,7.05761,5.06634,7.05761,1.36696,5409.85,3957.59,0.50518,0.369565
MOF639,3.97505,2.53963,3.96141,1.94948,7672.52,3935.68,0.3225,0.165429
MOF640,5.82503,3.23617,5.81503,1.58184,6188.97,3912.51,0.44012,0.278233
MOF641,5.41102,3.00558,5.41102,1.61477,6229.02,3857.52,0.4115,0.254835
MOF642,2.90893,1.17582,2.90343,1.92942,7370.57,3820.1,0.31626,0.163915
MOF643,3.0902,1.59393,2.44481,1.37435,6958.58,5063.18,0.37206,0.270717
MOF644,1.96356,0.85634,1.55594,5.94211,1219.31,205.198,0.035,0.00589016
MOF645,10.4948,4.35213,9.68004,0.824242,3368.99,4087.38,0.68206,0.827499
MOF646,3.41428,1.94519,3.40244,1.31259,7022.13,5349.82,0.38358,0.292231
MOF647,11.94829,11.34475,11.92772,0.870249,4295.34,4935.77,0.61156,0.702742
MOF648,8.39954,6.96376,8.38527,1.11094,5373.16,4836.57,0.5197,0.467801
MOF649,5.94435,5.11536,5.93064,0.85888,4180.54,4867.43,0.61914,0.720869
MOF650,3.42679,2.30667,3.35642,1.63146,5920.79,3629.14,0.41024,0.251456
MOF651,4.47942,2.89141,4.47674,1.98244,6001.94,3027.54,0.3959,0.199703
MOF652,12.12581,8.02552,12.12581,0.666904,2375.14,3561.44,0.75022,1.12493
MOF653,7.4397,3.23834,7.06797,1.53413,5552.68,3619.44,0.48666,0.317222
MOF654,4.69341,3.71775,4.69341,2.17634,6400.95,2941.15,0.37594,0.172739
MOF655,5.80257,3.9837,5.80257,1.58963,5203.21,3273.23,0.52114,0.327838
MOF656,6.65904,6.44921,6.65904,1.04616,4421.01,4225.94,0.58452,0.558729
MOF657,4.9219,4.21812,4.9219,1.56689,6277.64,4006.43,0.48854,0.311789
MOF658,6.77865,5.27298,6.77865,1.14927,3890.25,3384.97,0.60952,0.530353
MOF659,5.25319,2.84547,5.25263,1.37119,6538.92,4768.78,0.40266,0.293657
MOF660,9.51775,9.15403,9.51457,0.932441,3319.04,3559.52,0.66974,0.718265
MOF661,6.25796,3.98543,4.79704,1.17326,5364.1,4571.95,0.50592,0.431208
MOF662,6.44836,4.00144,6.44836,1.34784,4992.64,3704.17,0.53756,0.39883
MOF663,5.88375,1.98824,5.85845,1.17428,6204.12,5283.32,0.44856,0.381986
MOF664,4.00352,2.03259,3.97304,1.79485,6859.28,3821.65,0.37746,0.210302
MOF665,13.14158,11.25615,13.14158,0.990761,1735.14,1751.32,0.76354,0.77066
MOF666,13.30922,11.33932,13.30922,1.06341,2204.26,2072.82,0.73652,0.692602
MOF667,4.15126,2.03944,4.03353,1.75356,6333.57,3611.83,0.35218,0.200837
MOF668,4.96389,1.68393,4.96389,1.79377,6034.67,3364.23,0.41808,0.233073
MOF669,7.82981,1.34209,7.82981,6.62116,3625.96,547.631,0.39148,0.0591256
MOF670,4.06561,2.54709,4.05516,1.98698,5100.93,2567.17,0.51288,0.25812
MOF671,5.68165,3.19467,5.66848,2.06344,4319.73,2093.46,0.53426,0.258917
MOF672,5.69114,3.55125,5.6831,2.02261,4213.93,2083.41,0.54084,0.267397
MOF673,15.2682,14.39276,15.2682,0.903901,2346.89,2596.4,0.77072,0.85266
MOF674,15.22237,14.139,15.22237,0.909255,2317.08,2548.33,0.77522,0.852588
MOF675,5.71822,4.27504,5.71822,1.44427,4327.45,2996.28,0.51674,0.357786
MOF676,5.98876,5.12166,5.98876,1.20856,4233.34,3502.79,0.55932,0.462799
MOF677,4.9812,3.56466,4.97091,1.89127,4863.32,2571.46,0.46618,0.246491
MOF678,12.14197,10.40226,12.14197,0.59568,2629.21,4413.79,0.75332,1.26464
MOF679,1.96568,0.9752,1.88952,1.40677,5944.61,4225.72,0.2427,0.172523
MOF680,1.71592,0.99981,1.71539,1.45568,8092.39,5559.16,0.29322,0.201431
MOF681,1.88942,0.93756,1.88942,1.46386,6254.09,4272.32,0.2354,0.160808
MOF682,1.88379,0.9928,1.7001,1.40624,7832.72,5569.95,0.32114,0.228367
MOF683,23.31228,9.18454,23.31228,2.26954,1765.35,777.843,0.77554,0.341716
MOF684,11.87057,7.6938,11.87057,0.912481,3015.68,3304.93,0.7248,0.794318
MOF685,5.80425,5.19368,5.78293,1.20078,4219.49,3513.97,0.59414,0.494796
MOF686,5.97269,5.34073,5.97269,1.14928,4138.39,3600.87,0.60976,0.53056
MOF687,6.12346,3.66794,5.64555,1.52097,5366.71,3528.49,0.48422,0.318363
MOF688,6.11514,3.96985,6.11514,1.54611,5360.03,3466.79,0.48726,0.315153
MOF689,3.56653,1.536,3.38079,1.29562,6911.15,5334.22,0.36622,0.282659
MOF690,6.25702,6.04089,6.25701,2.10747,6548.69,3107.38,0.34444,0.163438
MOF691,2.13716,1.31703,2.13716,1.67221,7391.02,4419.92,0.3661,0.218932
MOF692,5.10349,2.30995,5.09791,1.51218,6215.41,4110.22,0.45682,0.302093
MOF693,2.93371,1.33266,2.22746,1.82293,7454.39,4089.24,0.35082,0.192449
MOF694,6.78532,6.53515,6.78532,2.55676,3717.78,1454.1,0.43412,0.169793
MOF695,2.71447,1.27207,2.70499,1.91986,7003.93,3648.15,0.30666,0.159731
MOF696,5.30604,3.87533,4.78161,1.39086,6029.22,4334.9,0.45638,0.328129
MOF697,4.74517,3.3262,4.73954,1.32445,6049.66,4567.67,0.44046,0.33256
MOF698,4.71209,3.64205,4.70152,1.30186,5773.47,4434.77,0.44416,0.341172
MOF699,1.77564,1.06348,1.77068,2.30154,8256.56,3587.41,0.30626,0.133068
MOF700,2.26321,1.22697,2.26321,1.46719,7928.97,5404.18,0.31156,0.212351
MOF701,9.45259,4.11606,9.45259,1.29427,3328.07,2571.39,0.62772,0.485
MOF702,4.49729,3.57495,4.22637,1.54744,5773.59,3731.06,0.4421,0.285697
MOF703,4.2583,2.48974,4.25381,1.31486,6091.27,4632.63,0.44314,0.337024
MOF704,6.13683,4.62912,6.13683,1.2986,4819.07,3710.97,0.54098,0.416587
MOF705,3.87368,2.86414,3.8215,2.23614,6418.46,2870.34,0.3883,0.173648
MOF706,2.08453,1.17018,2.07033,4.60458,4055.46,880.745,0.11592,0.0251749
MOF707,4.99115,1.14477,4.95452,1.86812,5905.23,3161.06,0.39528,0.211593
MOF708,5.12543,1.95642,5.12543,1.96053,6795.24,3466.03,0.4469,0.227949
MOF709,10.1709,7.06402,10.1709,1.41255,4652.62,3293.77,0.6079,0.430355
MOF710,7.19211,5.90656,7.19211,1.02537,4007.45,3908.3,0.62234,0.606943
MOF711,4.95195,4.34122,4.95195,2.20197,4981.42,2262.26,0.43634,0.198159
MOF712,3.59605,2.42845,3.49057,2.36151,6046.29,2560.34,0.37326,0.15806
MOF713,3.87562,1.29697,3.78978,1.64576,7446.31,4524.54,0.35868,0.217942
MOF714,3.28525,1.408,3.28288,1.78066,7497.44,4210.49,0.32256,0.181147
MOF715,4.34235,3.14821,4.3279,1.61929,6596.29,4073.57,0.38956,0.240575
MOF716,4.26105,3.2053,4.25349,1.64208,6129.85,3732.97,0.42882,0.261144
MOF717,7.98767,4.22249,5.98409,0.790087,3809.06,4821.06,0.63904,0.808822
MOF718,3.66435,1.82343,3.65412,1.58304,6994.81,4418.58,0.36996,0.233702
MOF719,3.30168,1.73184,3.30168,1.66198,6734.58,4052.13,0.35864,0.21579
MOF720,11.12615,5.02623,11.12615,2.50322,3128.97,1249.98,0.52412,0.209379
MOF721,8.64961,6.6785,8.64961,1.14064,3775.59,3310.07,0.61448,0.538715
MOF722,10.65664,9.52024,10.65664,0.98624,4250.78,4310.09,0.59368,0.601963
MOF723,3.33076,1.70348,3.32185,1.41616,7135.24,5038.45,0.357,0.252091
MOF724,4.94253,3.67997,4.94253,1.2909,6182.34,4789.18,0.43842,0.339624
MOF725,4.07816,1.68614,4.04533,1.33475,6147.9,4606.04,0.44054,0.330055
MOF726,5.34725,3.88495,5.25505,2.15792,5266.38,2440.49,0.45804,0.21226
MOF727,6.97219,5.77515,6.93923,1.27349,4296.8,3374.04,0.60798,0.477414
MOF728,6.6785,5.18564,6.67032,1.32247,4549.7,3440.3,0.58308,0.440902
MOF729,6.6928,4.48562,6.6928,1.00479,4259.36,4239.04,0.59268,0.589853
MOF730,5.38183,4.0241,5.36756,1.79507,5496.51,3062.01,0.47744,0.265973
MOF731,6.67537,6.00149,6.67537,1.20577,5569.34,4618.92,0.49878,0.413662
MOF732,6.72757,5.14808,6.72156,1.23484,5808.35,4703.73,0.48068,0.389265
MOF733,10.00644,5.79203,6.43911,0.958811,3433.97,3581.49,0.64938,0.677277
MOF734,8.09368,6.1916,8.09368,0.958856,4795.78,5001.57,0.58256,0.607558
MOF735,7.76124,6.06525,7.75045,0.908758,4695.09,5166.49,0.57402,0.631653
MOF736,8.00225,7.50253,7.93653,1.06883,4452.14,4165.45,0.5887,0.550791
MOF737,7.29824,6.48633,7.21562,1.10643,4260.21,3850.4,0.55648,0.502949
MOF738,11.87662,8.23877,11.87662,0.710002,2555.78,3599.69,0.73896,1.04079
MOF739,3.06961,1.62435,2.87969,1.60508,6620.82,4124.91,0.34552,0.215266
MOF740,7.19405,5.22813,7.19405,1.16956,4768.7,4077.34,0.59162,0.505847
MOF741,6.90165,4.11736,6.89202,1.30785,5259.53,4021.52,0.5335,0.407923
MOF742,5.46933,2.78256,5.46917,1.51694,5797.27,3821.68,0.48388,0.318984
MOF743,9.68612,9.39764,9.68612,1.03773,4649.53,4480.47,0.58198,0.56082
MOF744,3.15692,1.07572,2.8704,1.66804,7836.64,4698.12,0.32842,0.19689
MOF745,3.97818,1.43181,3.63853,1.60421,7267.19,4530.07,0.35292,0.219996
MOF746,5.54086,2.22055,5.53971,1.5714,5745.59,3656.35,0.48882,0.311073
MOF747,3.07653,1.45823,3.0504,1.42279,7030.67,4941.46,0.3892,0.273547
MOF748,2.77204,1.42081,2.76902,2.20063,6721.52,3054.36,0.29602,0.134516
MOF749,4.31394,3.75782,4.31309,1.87409,4398.12,2346.8,0.53876,0.287478
MOF750,2.58784,1.79162,2.58784,1.73486,7141.95,4116.73,0.37518,0.21626
MOF751,24.65698,17.23539,24.65698,0.45597,1696.13,3719.81,0.8305,1.82139
MOF752,5.71617,2.00808,5.71617,1.48737,5772.91,3881.28,0.43958,0.295542
MOF753,4.15558,2.42468,4.15558,1.65689,6289.51,3795.98,0.39528,0.238568
MOF754,5.47287,4.32294,4.85324,1.13852,5428.84,4768.33,0.47818,0.420001
MOF755,6.29373,4.46725,5.97699,1.00551,4685.75,4660.05,0.54238,0.539406
MOF756,7.01323,4.28227,6.95175,1.0146,4814.68,4745.4,0.53738,0.529647
MOF757,5.72295,4.05173,5.29409,1.13193,4801.46,4241.84,0.5422,0.479006
MOF758,13.06514,3.65029,13.06514,2.37301,3284.96,1384.3,0.53344,0.224794
MOF759,4.4155,3.499,4.39772,1.59801,5432.67,3399.66,0.48872,0.305831
MOF760,4.31859,1.81576,4.2862,1.88675,6873.51,3643.05,0.36732,0.194684
MOF761,5.1264,2.71345,5.1264,1.45254,5952.39,4097.92,0.4926,0.33913
MOF762,2.51338,1.8074,2.21694,1.55664,6904.77,4435.68,0.3107,0.199596
MOF763,1.88657,1.33185,1.86285,1.98718,7764.6,3907.34,0.23782,0.119677
MOF764,8.18807,2.08774,8.18718,1.65601,4984.68,3010.06,0.48308,0.291713
MOF765,2.68682,1.49879,2.68446,1.48756,7587.23,5100.45,0.37048,0.249052
MOF766,2.82116,1.16541,2.81309,1.89895,7706.16,4058.12,0.33498,0.176403
MOF767,8.0176,6.78297,8.01206,1.1391,3825.19,3358.07,0.60988,0.535404
MOF768,9.50563,6.78631,9.50563,1.00715,3356.15,3332.3,0.6605,0.655808
MOF769,3.45863,2.55944,3.37534,2.53761,6848.53,2698.81,0.35916,0.141535
MOF770,5.28646,3.07017,5.25316,1.66255,6775.47,4075.36,0.3908,0.235061
MOF771,3.717,1.31381,3.7097,2.09543,6629.67,3163.87,0.37358,0.178283
MOF772,7.03001,4.16568,7.00836,1.87767,4233.7,2254.76,0.53492,0.284885
MOF773,4.48507,2.53114,4.48507,1.87848,6368.36,3390.17,0.38032,0.202462
MOF774,8.36355,6.63203,8.36355,1.36269,4472.18,3281.88,0.53864,0.395277
MOF775,5.04003,4.81075,5.02733,1.45844,6158.6,4222.74,0.47442,0.325293
MOF776,6.64792,3.15058,6.64792,1.02861,5314.14,5166.32,0.57362,0.557664
MOF777,4.07311,3.12476,4.07311,1.57212,5701.13,3626.4,0.45264,0.287917
MOF778,4.86042,3.58271,4.85926,1.53106,5313.48,3470.47,0.49218,0.321464
MOF779,1.60736,1.03165,1.59541,2.31712,8972.55,3872.28,0.27138,0.117119
MOF780,8.74421,4.76577,8.74421,0.770796,3962.96,5141.39,0.6305,0.817986
MOF781,6.30104,1.18129,6.30104,3.91441,4766.97,1217.8,0.42534,0.10866
MOF782,6.16995,1.11115,6.16995,4.07454,4790.77,1175.78,0.42232,0.103649
MOF783,5.23532,3.80427,5.21832,1.29023,5793.48,4490.28,0.50086,0.388195
MOF784,3.24378,1.27548,3.23323,1.5402,7421.28,4818.39,0.34268,0.222491
MOF785,2.83455,1.6164,2.76308,1.43949,7369.73,5119.68,0.34848,0.242086
MOF786,1.95582,1.24304,1.91799,2.33972,7692.83,3287.93,0.2721,0.116296
MOF787,2.35057,0.95841,2.34585,1.83048,7908.02,4320.18,0.27858,0.152189
MOF788,2.36264,1.2018,2.36264,1.57242,8133.51,5172.61,0.28448,0.180919
MOF789,3.15506,1.35967,2.92507,1.84254,6926.57,3759.25,0.3291,0.178612
MOF790,1.54755,0.72285,1.53495,2.64344,8050.09,3045.31,0.22186,0.0839286
MOF791,1.92178,1.15442,1.91399,1.77125,7712.86,4354.46,0.30072,0.169778
MOF792,3.46131,1.59375,3.46131,1.28877,6202.11,4812.44,0.4665,0.361974
MOF793,4.96096,1.88786,4.94254,1.52681,6639.84,4348.83,0.38594,0.252775
MOF794,3.09595,1.61555,3.09595,1.79217,6149.11,3431.09,0.4239,0.236529
MOF795,14.71062,9.99502,14.71062,0.865913,2845.3,3285.89,0.69548,0.803175
MOF796,3.08024,1.46657,3.07685,2.37783,7502.37,3155.14,0.33606,0.141331
MOF797,4.75149,4.36254,4.73538,1.31917,5934.46,4498.64,0.47412,0.359409
MOF798,4.67771,3.44787,4.65957,1.17977,4641.3,3934.08,0.5536,0.469244
MOF799,4.5731,3.71389,4.5731,1.75679,4957.37,2821.83,0.43784,0.249227
MOF800,5.7889,3.89987,5.7858,1.16539,5298.39,4546.43,0.51046,0.438015
MOF801,1.96644,0.9222,1.96477,2.18393,7772.44,3558.92,0.26548,0.12156
MOF802,6.19033,4.49625,6.19033,1.40084,5657.78,4038.86,0.48518,0.34635
MOF803,6.19423,4.49233,6.19423,1.41601,5654.92,3993.55,0.48394,0.341763
MOF804,3.70709,2.7914,3.67759,1.95005,6611.97,3390.66,0.31286,0.160437
MOF805,4.19249,1.79729,3.82982,2.16077,5874.83,2718.86,0.39276,0.181768
MOF806,3.70979,1.66182,3.68308,1.50168,6317.5,4206.95,0.43788,0.291593
MOF807,5.82617,3.14231,5.82617,1.27879,5152.25,4029.0,0.4536,0.35471
MOF808,5.37591,3.59599,5.37591,1.37105,5174.28,3773.95,0.49042,0.357696
MOF809,2.01934,0.79403,1.99322,2.5074,5734.4,2286.99,0.14824,0.059121
MOF810,3.86743,2.90638,3.86743,1.89509,6543.03,3452.63,0.32486,0.171422
MOF811,4.92508,2.55935,4.74529,1.27996,5448.31,4256.64,0.46454,0.362935
MOF812,4.76564,1.07905,4.24264,3.57483,4680.23,1309.22,0.32492,0.0908909
MOF813,2.80698,1.30006,2.80698,1.77372,7400.37,4172.24,0.32108,0.181021
MOF814,1.57737,0.59429,1.32635,3.30475,4952.69,1498.66,0.10778,0.0326136
MOF815,4.36175,1.61524,3.52591,1.82746,6686.87,3659.11,0.3744,0.204875
MOF816,4.79608,1.77049,4.79608,1.58593,6620.62,4174.6,0.4074,0.256884
MOF817,4.3503,3.97579,4.33365,1.27955,6358.06,4968.99,0.43874,0.342887
MOF818,5.0362,4.44475,5.0261,1.26662,6473.03,5110.48,0.44426,0.350745
MOF819,5.37141,4.11526,5.22593,2.29354,4756.31,2073.79,0.4319,0.188312
MOF820,2.67358,1.57875,2.6615,1.99754,7145.97,3577.38,0.32238,0.161388
MOF821,2.03295,1.51046,2.02385,1.84756,6837.46,3700.8,0.284,0.153716
MOF822,4.61565,0.46698,4.51126,3.30176,3532.03,1069.74,0.26682,0.0808115
MOF823,3.12687,0.79174,3.12352,4.21976,3576.22,847.493,0.17936,0.0425048
MOF824,4.69413,4.31016,4.6506,1.23871,5304.77,4282.51,0.50342,0.406407
MOF825,4.44584,2.39864,4.12559,1.46686,5851.87,3989.39,0.47086,0.320999
MOF826,4.15312,2.38458,4.14697,1.28487,5803.35,4516.67,0.44288,0.344688
MOF827,2.38861,1.08339,2.21219,2.60433,7187.69,2759.9,0.27292,0.104795
MOF828,5.27062,2.41053,4.91364,1.30755,6374.41,4875.09,0.43842,0.3353
MOF829,7.21626,6.7846,7.21626,1.09538,4244.67,3875.05,0.5784,0.528034
MOF830,2.98478,1.4089,2.81186,1.4659,7051.86,4810.59,0.35594,0.242813
MOF831,2.49025,1.94154,2.42327,1.4463,7126.53,4927.43,0.35336,0.24432
MOF832,2.52185,1.22805,1.89628,1.47702,7552.43,5113.27,0.3265,0.221053
MOF833,2.41869,1.71978,2.41559,1.9699,7180.1,3644.9,0.35978,0.182639
MOF834,6.0861,1.58973,6.06904,1.22131,6295.71,5154.87,0.42906,0.35131
MOF835,2.95718,1.29252,2.94919,1.85121,7167.98,3872.05,0.35038,0.189271
MOF836,3.07102,1.42012,3.0086,1.29843,6898.54,5312.99,0.39368,0.303197
MOF837,5.24088,3.39476,5.24007,1.28042,6559.88,5123.22,0.40546,0.316661
MOF838,3.54735,1.27654,3.54735,1.5425,7323.07,4747.52,0.37572,0.243578
MOF839,10.70743,3.98121,10.7074,1.08072,3646.09,3373.74,0.62564,0.578908
MOF840,11.09632,3.77101,10.3386,1.1212,3751.58,3346.04,0.60674,0.541151
MOF841,9.85571,3.84525,9.85566,0.882777,3756.84,4255.71,0.65362,0.740413
MOF842,10.80537,3.87154,10.80537,0.890114,3688.56,4143.92,0.65898,0.740332
MOF843,10.63581,3.95517,10.63581,1.11327,3870.43,3476.62,0.625,0.561408
MOF844,11.05399,3.75466,11.04123,1.13372,3753.06,3310.4,0.6201,0.546962
MOF845,3.89448,3.41027,3.89448,2.58486,6240.1,2414.09,0.405,0.156681
MOF846,5.8701,4.20097,5.83726,1.17462,5368.22,4570.17,0.49134,0.418296
MOF847,5.01584,3.18656,5.01467,1.03276,5478.3,5304.54,0.53808,0.521013
MOF848,8.6669,3.83581,8.6669,1.19385,4298.32,3600.39,0.58026,0.486042
MOF849,2.12795,1.14427,1.94137,1.7003,7763.38,4565.88,0.32582,0.191625
MOF850,4.48813,4.24327,4.46118,1.32222,5340.25,4038.85,0.51232,0.387469
MOF851,4.50633,3.14636,4.49819,1.29363,5986.14,4627.39,0.45594,0.35245
MOF852,6.42799,2.36414,6.39806,1.26887,5464.1,4306.27,0.4762,0.375295
MOF853,7.43587,7.30182,7.43587,1.3124,3842.91,2928.16,0.60708,0.462572
MOF854,8.83128,6.55771,8.81359,1.32193,5575.55,4217.72,0.47522,0.359489
MOF855,13.11064,12.77474,13.11064,0.765569,3187.28,4163.28,0.69932,0.913464
MOF856,10.20557,9.51581,9.76409,0.622321,2865.08,4603.86,0.72614,1.16683
MOF857,5.79737,4.32109,5.79737,1.4603,6106.3,4181.52,0.44328,0.303553
MOF858,13.61005,8.01869,13.43099,0.809245,3633.09,4489.48,0.65782,0.812881
MOF859,4.98254,4.66211,4.92513,1.39795,6624.92,4739.04,0.38188,0.273172
MOF860,4.23863,2.67666,4.23863,1.40133,6790.46,4845.74,0.36732,0.262123
MOF861,4.77832,3.90265,4.77505,3.45388,3590.81,1039.65,0.2589,0.0749592
MOF862,5.15152,4.05809,5.13826,2.69887,4433.16,1642.6,0.3239,0.120013
MOF863,4.20293,3.4182,4.15478,3.52881,3451.03,977.959,0.2229,0.0631658
MOF864,2.71627,1.67903,2.19354,3.15477,4780.24,1515.24,0.17482,0.0554145
MOF865,4.79159,3.69597,4.79134,3.34364,3533.42,1056.76,0.25488,0.0762284
MOF866,3.68756,3.38404,3.68756,2.80157,4443.97,1586.24,0.21808,0.077842
MOF867,2.59353,1.95698,2.56453,1.62455,7348.57,4523.46,0.31778,0.195611
MOF868,3.62594,1.91484,3.4528,1.7088,6788.52,3972.69,0.36634,0.214385
MOF869,2.59838,1.19853,2.57616,2.41465,7340.9,3040.15,0.27752,0.114932
MOF870,4.32152,3.65401,4.31767,1.35475,6430.33,4746.5,0.42936,0.316929
MOF871,4.66261,4.01489,4.66261,1.28534,6145.19,4780.98,0.44606,0.347036
MOF872,12.28637,5.10826,12.28635,1.43783,3321.17,2309.85,0.58836,0.409201
MOF873,4.8519,1.74272,4.84065,1.3282,5843.52,4399.58,0.49588,0.373347
MOF874,7.02396,4.86984,6.7779,0.900382,3695.36,4104.22,0.68006,0.755302
MOF875,2.22821,1.34435,2.22439,1.552,7976.64,5139.59,0.3144,0.202578
MOF876,8.21773,4.1748,8.21481,1.2028,4169.59,3466.56,0.63016,0.52391
MOF877,2.92206,1.8308,2.92206,1.72975,6654.17,3846.9,0.38966,0.22527
MOF878,5.85978,4.13984,5.85978,1.65648,5923.02,3575.67,0.47222,0.285075
MOF879,2.43228,1.38557,2.1649,1.68514,7689.4,4563.05,0.3315,0.196719
MOF880,4.83096,1.52983,4.82373,1.49294,6134.57,4109.06,0.46806,0.313516
MOF881,2.9768,1.44335,2.95756,1.47982,7201.41,4866.4,0.3778,0.255301
MOF882,2.65032,2.06857,2.64663,1.55267,6642.1,4277.85,0.37826,0.243618
MOF883,10.30101,4.6403,10.30101,0.887026,3817.49,4303.69,0.6481,0.730644
MOF884,10.23257,3.84778,10.23254,0.893457,3935.1,4404.35,0.63736,0.713364
MOF885,9.91769,4.01781,9.91769,0.944313,4194.73,4442.09,0.61178,0.647857
MOF886,2.6399,2.01008,2.62927,1.48244,6129.05,4134.44,0.3721,0.251006
MOF887,2.09063,1.12728,2.0823,1.73675,8057.3,4639.31,0.29102,0.167566
MOF888,2.61887,0.98261,2.52399,2.13872,6992.64,3269.54,0.23652,0.110589
MOF889,4.39227,3.75165,4.38953,1.5595,6526.59,4185.05,0.39262,0.25176
MOF891,2.71299,1.28358,2.63069,2.1813,6943.54,3183.21,0.32184,0.147545
MOF896,4.47187,2.55371,4.47187,1.37451,5809.1,4226.3,0.44126,0.32103
MOF897,3.38567,1.28791,3.38567,1.82895,6711.88,3669.8,0.27714,0.15153
MOF898,2.86644,1.47116,2.85408,1.79949,6601.71,3668.65,0.32248,0.179206
MOF900,3.6164,2.5612,3.58439,1.95196,6331.23,3243.53,0.3621,0.185506
MOF901,3.67791,2.06983,3.67791,1.85952,6946.51,3735.65,0.35052,0.1885
MOF902,4.01847,1.48129,3.41063,1.44623,6518.96,4507.56,0.4411,0.305
MOF906,2.66975,1.69964,2.66975,2.40006,7207.06,3002.86,0.31778,0.132405
MOF907,5.2342,3.57528,5.2342,1.67409,6036.19,3605.65,0.45602,0.272398
MOF908,5.13551,1.84676,5.12669,1.27807,6168.69,4826.57,0.46484,0.363706
MOF911,5.21282,4.11203,5.20556,1.50521,4848.29,3221.0,0.50652,0.33651
MOF912,4.89032,3.94912,4.85127,1.29105,4948.76,3833.14,0.4981,0.385811
MOF913,5.14337,3.90065,4.84308,1.27609,4351.61,3410.11,0.58038,0.454811
MOF914,3.50162,2.67479,3.50162,1.96054,5910.58,3014.77,0.39756,0.202781
MOF921,2.71404,1.1026,2.71404,1.8879,7261.82,3846.51,0.342,0.181154
MOF922,6.71833,3.62815,6.17909,1.40184,4770.68,3403.16,0.51138,0.364792
MOF923,4.57563,2.62324,4.36306,1.48848,4879.62,3278.25,0.46538,0.312654
MOF924,4.62778,3.16004,4.31621,1.42134,4698.55,3305.72,0.46192,0.32499
MOF925,5.03557,3.6758,5.02938,1.89438,4902.68,2588.01,0.46854,0.247331
MOF926,6.68391,3.70008,6.68293,1.57365,5010.46,3183.97,0.4875,0.309789
MOF927,3.55765,1.75328,3.55765,2.29803,6260.08,2724.1,0.3844,0.167274
MOF930,3.33601,0.89845,3.33601,2.797,6498.88,2323.52,0.29648,0.105999
MOF931,3.09849,1.50704,2.96915,1.4333,6720.7,4688.97,0.35406,0.247024
MOF932,3.54627,2.73356,3.53379,1.40526,7371.46,5245.64,0.35374,0.251727
MOF935,4.22773,2.44463,4.22653,1.47194,6166.52,4189.39,0.43094,0.292771
MOF937,2.09504,1.1862,2.01794,1.57348,7736.49,4916.82,0.3066,0.194855
MOF938,7.07542,5.43613,6.9134,1.12233,5438.54,4845.75,0.51174,0.455961
MOF939,6.43585,4.59865,6.21533,0.980967,3912.74,3988.65,0.59672,0.608298
MOF940,4.96904,1.27522,4.66358,1.54288,6438.48,4173.02,0.39458,0.255742
MOF941,6.09174,5.35822,6.09174,1.03961,4221.29,4060.47,0.6018,0.578873
MOF942,5.09518,4.14055,5.09518,1.03901,4426.35,4260.16,0.59602,0.573643
MOF943,5.38928,4.64775,5.38928,0.969763,3850.42,3970.48,0.64246,0.662492
MOF944,5.7444,5.4335,5.7444,0.947352,3850.6,4064.59,0.65206,0.688297
MOF945,6.50928,5.8011,6.44976,0.887482,3511.22,3956.38,0.66932,0.754178
MOF946,6.73921,6.22579,6.58123,0.88896,3503.7,3941.35,0.6745,0.758752
MOF947,7.12729,5.59015,7.11605,3.43647,3707.71,1078.93,0.38542,0.112156
MOF949,3.23109,1.90685,3.23109,1.5178,6900.98,4546.69,0.38916,0.256397
MOF950,5.1975,3.66378,5.13656,1.17333,5117.25,4361.3,0.53434,0.455404
MOF951,11.65422,11.0619,11.65422,0.965559,3655.28,3785.66,0.65148,0.674718
MOF952,5.05628,1.52084,5.03168,1.48897,6591.01,4426.55,0.40772,0.273827
MOF953,5.02559,4.08795,5.02559,1.16762,5301.63,4540.55,0.49262,0.421902
MOF954,6.89657,3.90637,6.86331,1.2956,5864.94,4526.83,0.46718,0.360591
MOF955,4.98333,3.05782,4.97829,2.01528,4463.44,2214.8,0.38642,0.191745
MOF956,10.06821,6.14967,10.06821,0.741952,3157.04,4255.05,0.6845,0.922567
MOF959,3.56246,2.89355,3.55998,1.86987,6960.68,3722.55,0.34418,0.184067
MOF960,6.26079,4.3639,6.26079,1.41693,5026.78,3547.65,0.5254,0.370801
MOF961,4.13094,3.66505,4.09013,1.27673,6376.04,4994.03,0.43338,0.339444
MOF964,6.12725,3.17748,6.12725,1.21794,4979.9,4088.81,0.49902,0.409726
MOF968,5.25676,1.4234,5.25676,1.83819,5910.34,3215.31,0.41148,0.223851
MOF969,2.85172,0.93608,2.80926,2.16795,7142.64,3294.65,0.29886,0.137854
MOF970,1.81353,1.03575,1.81353,1.69878,7462.22,4392.68,0.26518,0.1561
MOF971,1.81052,1.0155,1.81003,1.71878,7614.91,4430.42,0.26256,0.15276
MOF972,5.92956,4.60255,5.5877,1.10341,4392.82,3981.11,0.55042,0.498833
MOF973,3.18148,2.68456,3.17903,1.837,7153.69,3894.22,0.3317,0.180566
MOF974,2.71853,1.24724,2.70139,1.99312,7463.1,3744.43,0.33962,0.170396
MOF976,6.77819,5.18131,6.77819,1.11455,3507.93,3147.4,0.65042,0.583573
MOF977,2.73917,1.49226,2.44051,1.7541,7288.84,4155.33,0.33788,0.192624
MOF978,2.81623,1.91809,2.8108,1.68643,7017.0,4160.86,0.36614,0.21711
MOF979,5.4972,4.28766,5.49716,1.379,5850.33,4242.44,0.48014,0.34818
MOF980,5.72408,4.40698,5.72408,1.40378,5543.92,3949.29,0.49128,0.349971
MOF988,6.44896,4.67936,6.37147,1.28349,4773.14,3718.88,0.5366,0.418079
MOF990,5.8996,4.54821,5.8473,1.40028,5199.4,3713.1,0.51382,0.36694
MOF993,9.27304,6.38587,9.27272,1.00145,4279.98,4273.79,0.61054,0.609658
MOF994,6.10331,4.24842,6.0963,1.26955,5414.43,4264.82,0.50348,0.39658
MOF995,8.45527,4.40091,8.45527,0.942807,3836.16,4068.88,0.63368,0.672121
MOF997,3.47887,2.17709,3.44372,1.19142,6680.8,5607.43,0.4378,0.367461
MOF998,3.38607,2.5422,3.32779,1.22244,6241.56,5105.82,0.45166,0.369474
MOF999,4.67128,3.71292,4.67128,1.30063,5733.39,4408.17,0.46064,0.354168
MOF1000,3.79386,1.14333,3.79386,1.51199,6755.53,4467.96,0.33158,0.2193
MOF1001,4.15352,3.56983,4.13004,1.29668,6155.27,4746.95,0.42442,0.327313
MOF1003,1.63355,0.99484,1.63355,2.92111,7091.03,2427.52,0.17226,0.0589708
MOF1004,1.65178,1.02743,1.65178,2.87161,7158.96,2493.02,0.17736,0.0617633
MOF1005,1.66688,0.99062,1.66688,3.02897,7017.82,2316.9,0.16928,0.055887
MOF1006,1.66645,0.99813,1.65025,2.79349,7226.72,2586.99,0.18506,0.0662469
MOF1007,1.69135,0.9893,1.6478,3.07984,6992.49,2270.41,0.16752,0.0543925
MOF1008,1.69761,0.92377,1.69761,2.68752,7235.28,2692.18,0.20078,0.0747084
MOF1009,1.70239,1.19932,1.70239,2.476,6949.09,2806.58,0.17322,0.0699596
MOF1010,4.30005,1.18738,2.08456,1.72532,6719.4,3894.59,0.36758,0.213051
MOF1011,2.30439,0.9029,2.30439,1.80476,7992.2,4428.41,0.26522,0.146956
MOF1012,2.95602,1.64455,2.85324,1.6981,7605.41,4478.77,0.32372,0.190636
MOF1014,4.11469,3.55488,4.11469,1.28072,6175.13,4821.61,0.45358,0.35416
MOF1015,4.10972,1.6207,4.08357,1.38062,7263.45,5260.99,0.37626,0.272529
MOF1016,6.81053,5.24442,6.81053,1.13253,3488.05,3079.89,0.65024,0.57415
MOF1018,11.07925,6.29315,11.07925,0.648966,2731.92,4209.65,0.72774,1.12138
MOF1019,8.23612,6.62984,8.22746,1.1228,5259.98,4684.71,0.5329,0.474617
MOF1022,4.13103,2.91065,4.11534,1.49313,6302.33,4220.87,0.45384,0.303951
MOF1023,5.85439,4.43331,5.85439,0.963423,4088.93,4244.17,0.63084,0.65479
MOF1024,3.36032,1.43791,2.61481,1.7118,7540.06,4404.76,0.34674,0.202559
MOF1027,2.81613,1.20171,2.70729,1.43555,7127.5,4965.0,0.35472,0.247097
MOF1028,3.4399,2.34052,3.4399,1.41163,7100.74,5030.17,0.36284,0.257036
MOF1033,6.19139,4.47622,6.18974,1.09978,3833.61,3485.8,0.6279,0.570933
MOF1038,8.18299,7.27755,8.16389,0.733345,2945.72,4016.83,0.70264,0.958131
MOF1041,4.50356,1.62156,4.50356,1.91405,6462.9,3376.55,0.41264,0.215584
MOF1042,2.44066,1.33991,2.42979,2.15056,8650.39,4022.4,0.29782,0.138485
MOF1045,15.38374,10.39706,15.30237,0.822645,3140.6,3817.69,0.67528,0.820864
MOF1046,5.16469,3.65495,5.11068,1.26742,5490.85,4332.31,0.45684,0.360449
MOF1050,3.1137,1.01629,3.10336,2.96693,6623.86,2232.57,0.27568,0.0929176
MOF1052,14.05581,7.17326,14.05581,1.26456,3143.23,2485.64,0.68094,0.538481
MOF1053,6.57808,6.13951,6.50548,1.38204,4486.8,3246.51,0.555,0.40158
MOF1055,5.54173,4.71878,5.54173,1.61459,4718.99,2922.72,0.54956,0.340371
MOF1060,6.48203,5.54667,6.48203,1.05893,3871.4,3655.97,0.62022,0.585707
MOF1061,6.24397,5.3909,6.21562,1.05614,3884.98,3678.48,0.62192,0.588862
MOF1062,5.72158,2.43697,5.54484,1.16735,4620.32,3957.96,0.55508,0.475505
MOF1063,6.79815,6.23349,6.72103,1.27536,5991.35,4697.77,0.46154,0.36189
MOF1064,6.66368,6.0715,6.6475,1.24371,5876.63,4725.06,0.47904,0.385169
MOF1065,5.92469,4.45799,5.90808,1.26961,4953.61,3901.68,0.56034,0.441348
MOF1066,4.6731,2.1544,3.86069,1.53855,6484.51,4214.67,0.41954,0.272685
MOF1069,4.69513,3.48507,4.68163,1.45933,6130.41,4200.84,0.4247,0.291024
MOF1070,4.96909,3.72441,4.96084,1.58088,6130.83,3878.12,0.42694,0.270065
MOF1071,2.78362,1.34199,2.16639,1.70361,7288.05,4278.0,0.31544,0.18516
MOF1077,5.71761,1.23639,5.71761,1.94541,7556.21,3884.13,0.34306,0.176344
MOF1078,4.62587,3.78263,4.62587,1.34735,6141.91,4558.5,0.4476,0.332207
MOF1082,5.11611,4.63344,5.11409,1.3024,5911.54,4538.96,0.46542,0.357356
MOF1083,2.15577,1.50826,2.15205,1.54294,7568.74,4905.39,0.3424,0.221913
MOF1091,5.72083,1.44386,5.70075,1.4424,5846.13,4053.07,0.48034,0.333015
MOF1092,1.74021,0.32178,1.72895,5.65354,3638.49,643.577,0.09074,0.0160501
MOF1095,3.24871,1.56458,3.12518,1.57932,7112.76,4503.69,0.3489,0.220918
MOF1098,2.43522,1.42472,2.07457,2.01042,7569.02,3764.89,0.29782,0.148138
MOF1099,4.43345,2.21384,4.42311,1.80089,6553.39,3638.96,0.37756,0.209651
MOF1101,10.37867,8.41143,10.37867,1.37054,4677.76,3413.09,0.55856,0.407549
MOF1104,18.50877,18.05725,18.50838,1.07821,3728.89,3458.41,0.63194,0.586101
MOF1105,18.49833,17.77037,18.47526,1.11823,3732.16,3337.55,0.62592,0.55974
MOF1106,2.71763,1.65309,2.42992,2.68795,7334.84,2728.79,0.35092,0.130553
MOF1107,4.40344,2.73774,4.28907,2.19971,6567.76,2985.73,0.42554,0.193453
MOF1108,4.21747,1.72808,4.18146,1.24565,5993.78,4811.75,0.42814,0.343707
MOF1109,3.36224,2.05925,3.36224,1.58052,7049.47,4460.22,0.38174,0.241528
MOF1110,4.79855,3.32106,4.78743,1.45236,5796.92,3991.37,0.4574,0.314935
MOF1114,3.20469,2.31553,3.19504,2.00413,5863.04,2925.47,0.38818,0.19369
MOF1115,2.67339,1.3612,2.67339,1.62514,7348.35,4521.67,0.3413,0.210012
MOF1116,3.55839,2.43051,3.55608,1.61169,6794.75,4215.92,0.39832,0.247145
MOF1117,3.78121,1.40574,3.17342,1.96269,6503.86,3313.75,0.34534,0.175953
MOF1118,4.29111,1.1158,2.14573,3.95775,5222.01,1319.44,0.23282,0.0588264
MOF1119,5.67937,3.76951,5.67937,1.33777,5814.1,4346.12,0.47176,0.352647
MOF1120,5.4539,4.62179,5.4539,1.28996,5031.89,3900.82,0.54394,0.421673
MOF1121,4.41527,3.1247,4.41527,1.22894,5843.58,4754.97,0.49148,0.399921
MOF1122,2.72101,1.19966,2.70935,1.80155,7185.4,3988.47,0.3254,0.180623
MOF1123,5.87605,3.77872,5.87605,0.928184,3499.87,3770.66,0.69308,0.746706
MOF1124,6.1043,4.31775,5.81466,1.01892,4416.94,4334.94,0.63958,0.627706
MOF1125,5.6362,4.67983,5.63306,1.30269,5521.33,4238.41,0.52672,0.404333
MOF1126,5.68584,4.8288,5.68415,1.31971,5542.81,4200.03,0.52478,0.397648
MOF1128,4.95326,3.70607,4.95326,1.22749,5759.52,4692.11,0.48868,0.398113
MOF1129,3.52,1.61293,3.46459,1.42018,6973.21,4910.1,0.37324,0.262812
MOF1130,4.61394,2.37997,3.91948,1.62147,6444.59,3974.54,0.41064,0.253252
MOF1131,11.00711,7.00914,11.00711,0.678312,2578.42,3801.23,0.763,1.12485
MOF1132,4.62855,3.40793,4.62855,1.34639,5980.31,4441.74,0.47434,0.352306
MOF1133,7.53282,5.05656,7.52366,1.00596,3454.75,3434.3,0.65102,0.647166
